account_id,member_id,account_type,opened_date
ACC00001,M00001,Savings,2025-06-16
ACC00002,M00002,Savings,2022-02-20
ACC00003,M00003,Savings,2020-06-02
ACC00004,M00004,Savings,2023-01-09
ACC00005,M00005,Savings,2020-04-25
ACC00006,M00006,Savings,2022-06-23
ACC00007,M00007,Savings,2024-05-31
ACC00008,M00008,Savings,2025-09-20
ACC00009,M00009,Savings,2020-09-13
ACC00010,M00010,Savings,2022-06-18
ACC00011,M00011,Savings,2022-08-09
ACC00012,M00012,Savings,2025-09-08
ACC00013,M00013,Savings,2023-08-23
ACC00014,M00014,Savings,2019-12-13
ACC00015,M00015,Savings,2024-01-22
ACC00016,M00016,Savings,2021-06-27
ACC00017,M00017,Savings,2022-04-14
ACC00018,M00018,Savings,2021-12-30
ACC00019,M00019,Savings,2021-09-01
ACC00020,M00020,Savings,2023-12-26
ACC00021,M00021,Savings,2019-12-06
ACC00022,M00022,Savings,2020-10-18
ACC00023,M00023,Savings,2025-07-16
ACC00024,M00024,Savings,2020-11-24
ACC00025,M00025,Savings,2025-09-19
ACC00026,M00026,Savings,2024-01-21
ACC00027,M00027,Savings,2026-04-21
ACC00028,M00028,Savings,2021-05-28
ACC00029,M00029,Savings,2022-02-19
ACC00030,M00030,Savings,2026-05-10
ACC00031,M00031,Savings,2023-10-22
ACC00032,M00032,Savings,2021-12-15
ACC00033,M00033,Savings,2020-11-11
ACC00034,M00034,Savings,2024-06-18
ACC00035,M00035,Savings,2021-04-14
ACC00036,M00036,Savings,2022-03-08
ACC00037,M00037,Savings,2025-07-23
ACC00038,M00038,Savings,2024-01-27
ACC00039,M00039,Savings,2026-01-19
ACC00040,M00040,Savings,2022-11-07
ACC00041,M00041,Savings,2021-12-22
ACC00042,M00042,Savings,2024-01-14
ACC00043,M00043,Savings,2026-02-20
ACC00044,M00044,Savings,2021-07-16
ACC00045,M00045,Savings,2023-10-02
ACC00046,M00046,Savings,2025-07-20
ACC00047,M00047,Savings,2019-11-07
ACC00048,M00048,Savings,2020-10-13
ACC00049,M00049,Savings,2026-04-24
ACC00050,M00050,Savings,2022-12-31
ACC00051,M00051,Savings,2022-03-23
ACC00052,M00052,Savings,2023-05-25
ACC00053,M00053,Savings,2024-03-18
ACC00054,M00054,Savings,2025-05-09
ACC00055,M00055,Savings,2026-02-22
ACC00056,M00056,Savings,2022-03-27
ACC00057,M00057,Savings,2023-02-23
ACC00058,M00058,Savings,2026-03-09
ACC00059,M00059,Savings,2024-12-24
ACC00060,M00060,Savings,2020-07-18
ACC00061,M00061,Savings,2024-10-22
ACC00062,M00062,Savings,2024-08-03
ACC00063,M00063,Savings,2025-07-05
ACC00064,M00064,Savings,2026-03-12
ACC00065,M00065,Savings,2022-11-22
ACC00066,M00066,Savings,2020-12-01
ACC00067,M00067,Savings,2024-11-13
ACC00068,M00068,Savings,2023-12-30
ACC00069,M00069,Savings,2025-10-24
ACC00070,M00070,Savings,2022-01-12
ACC00071,M00071,Savings,2025-11-17
ACC00072,M00072,Savings,2020-05-30
ACC00073,M00073,Savings,2026-02-28
ACC00074,M00074,Savings,2022-02-13
ACC00075,M00075,Savings,2022-01-08
ACC00076,M00076,Savings,2022-12-13
ACC00077,M00077,Savings,2022-11-29
ACC00078,M00078,Savings,2019-12-13
ACC00079,M00079,Savings,2025-12-14
ACC00080,M00080,Savings,2021-06-19
ACC00081,M00081,Savings,2025-01-06
ACC00082,M00082,Savings,2021-04-21
ACC00083,M00083,Savings,2020-06-27
ACC00084,M00084,Savings,2025-08-02
ACC00085,M00085,Savings,2024-06-16
ACC00086,M00086,Savings,2024-12-08
ACC00087,M00087,Savings,2019-08-28
ACC00088,M00088,Savings,2021-03-24
ACC00089,M00089,Savings,2024-10-18
ACC00090,M00090,Savings,2021-01-12
ACC00091,M00091,Savings,2025-03-12
ACC00092,M00092,Savings,2024-12-28
ACC00093,M00093,Savings,2023-09-25
ACC00094,M00094,Savings,2024-02-09
ACC00095,M00095,Savings,2021-03-17
ACC00096,M00096,Savings,2024-06-09
ACC00097,M00097,Savings,2021-03-26
ACC00098,M00098,Savings,2023-03-09
ACC00099,M00099,Savings,2020-04-08
ACC00100,M00100,Savings,2020-08-17
ACC00101,M00101,Savings,2020-02-17
ACC00102,M00102,Savings,2021-07-09
ACC00103,M00103,Savings,2025-01-30
ACC00104,M00104,Savings,2019-08-10
ACC00105,M00105,Savings,2026-02-02
ACC00106,M00106,Savings,2021-09-25
ACC00107,M00107,Savings,2022-10-26
ACC00108,M00108,Savings,2020-01-19
ACC00109,M00109,Savings,2023-06-15
ACC00110,M00110,Savings,2019-12-11
ACC00111,M00111,Savings,2022-10-23
ACC00112,M00112,Savings,2025-06-15
ACC00113,M00113,Savings,2023-04-20
ACC00114,M00114,Savings,2025-10-01
ACC00115,M00115,Savings,2023-08-20
ACC00116,M00116,Savings,2024-10-15
ACC00117,M00117,Savings,2024-09-15
ACC00118,M00118,Savings,2020-10-20
ACC00119,M00119,Savings,2025-07-23
ACC00120,M00120,Savings,2024-12-27
ACC00121,M00121,Savings,2022-02-24
ACC00122,M00122,Savings,2023-12-19
ACC00123,M00123,Savings,2026-03-13
ACC00124,M00124,Savings,2025-09-19
ACC00125,M00125,Savings,2026-03-09
ACC00126,M00126,Savings,2020-09-25
ACC00127,M00127,Savings,2021-06-15
ACC00128,M00128,Savings,2024-11-03
ACC00129,M00129,Savings,2026-05-26
ACC00130,M00130,Savings,2019-11-07
ACC00131,M00131,Savings,2024-06-22
ACC00132,M00132,Savings,2026-01-24
ACC00133,M00133,Savings,2026-04-16
ACC00134,M00134,Savings,2022-01-23
ACC00135,M00135,Savings,2023-01-03
ACC00136,M00136,Savings,2020-06-16
ACC00137,M00137,Savings,2026-01-29
ACC00138,M00138,Savings,2024-03-30
ACC00139,M00139,Savings,2021-11-20
ACC00140,M00140,Savings,2023-08-16
ACC00141,M00141,Savings,2026-05-20
ACC00142,M00142,Savings,2022-12-19
ACC00143,M00143,Savings,2020-04-13
ACC00144,M00144,Savings,2024-08-03
ACC00145,M00145,Savings,2020-02-03
ACC00146,M00146,Savings,2024-04-03
ACC00147,M00147,Savings,2024-04-27
ACC00148,M00148,Savings,2020-01-05
ACC00149,M00149,Savings,2021-01-15
ACC00150,M00150,Savings,2023-10-07
ACC00151,M00151,Savings,2019-12-23
ACC00152,M00152,Savings,2024-01-14
ACC00153,M00153,Savings,2024-08-29
ACC00154,M00154,Savings,2025-05-18
ACC00155,M00155,Savings,2021-05-21
ACC00156,M00156,Savings,2023-06-03
ACC00157,M00157,Savings,2022-05-16
ACC00158,M00158,Savings,2025-01-15
ACC00159,M00159,Savings,2023-02-15
ACC00160,M00160,Savings,2022-08-01
ACC00161,M00161,Savings,2020-02-21
ACC00162,M00162,Savings,2023-10-24
ACC00163,M00163,Savings,2025-11-29
ACC00164,M00164,Savings,2020-08-29
ACC00165,M00165,Savings,2024-05-30
ACC00166,M00166,Savings,2023-11-05
ACC00167,M00167,Savings,2020-03-28
ACC00168,M00168,Savings,2026-04-05
ACC00169,M00169,Savings,2023-11-24
ACC00170,M00170,Savings,2023-03-09
ACC00171,M00171,Savings,2024-04-01
ACC00172,M00172,Savings,2024-12-14
ACC00173,M00173,Savings,2020-08-20
ACC00174,M00174,Savings,2020-12-20
ACC00175,M00175,Savings,2023-08-03
ACC00176,M00176,Savings,2022-12-21
ACC00177,M00177,Savings,2022-08-30
ACC00178,M00178,Savings,2022-04-22
ACC00179,M00179,Savings,2025-04-15
ACC00180,M00180,Savings,2021-02-25
ACC00181,M00181,Savings,2024-02-26
ACC00182,M00182,Savings,2019-10-26
ACC00183,M00183,Savings,2022-09-20
ACC00184,M00184,Savings,2020-05-22
ACC00185,M00185,Savings,2020-09-30
ACC00186,M00186,Savings,2024-08-17
ACC00187,M00187,Savings,2025-12-13
ACC00188,M00188,Savings,2025-11-25
ACC00189,M00189,Savings,2025-08-08
ACC00190,M00190,Savings,2019-12-28
ACC00191,M00191,Savings,2023-05-15
ACC00192,M00192,Savings,2023-06-15
ACC00193,M00193,Savings,2021-01-05
ACC00194,M00194,Savings,2021-09-27
ACC00195,M00195,Savings,2019-11-29
ACC00196,M00196,Savings,2020-11-23
ACC00197,M00197,Savings,2025-01-24
ACC00198,M00198,Savings,2020-05-21
ACC00199,M00199,Savings,2020-05-25
ACC00200,M00200,Savings,2023-06-11
ACC00201,M00201,Savings,2020-02-22
ACC00202,M00202,Savings,2026-04-25
ACC00203,M00203,Savings,2019-11-12
ACC00204,M00204,Savings,2025-12-08
ACC00205,M00205,Savings,2021-08-03
ACC00206,M00206,Savings,2024-07-03
ACC00207,M00207,Savings,2020-05-01
ACC00208,M00208,Savings,2020-03-24
ACC00209,M00209,Savings,2023-07-22
ACC00210,M00210,Savings,2019-10-18
ACC00211,M00211,Savings,2020-06-20
ACC00212,M00212,Savings,2024-02-04
ACC00213,M00213,Savings,2025-04-21
ACC00214,M00214,Savings,2020-12-12
ACC00215,M00215,Savings,2021-05-07
ACC00216,M00216,Savings,2020-05-21
ACC00217,M00217,Savings,2025-06-26
ACC00218,M00218,Savings,2026-04-15
ACC00219,M00219,Savings,2025-12-20
ACC00220,M00220,Savings,2025-01-31
ACC00221,M00221,Savings,2024-01-21
ACC00222,M00222,Savings,2024-09-16
ACC00223,M00223,Savings,2023-08-28
ACC00224,M00224,Savings,2022-04-13
ACC00225,M00225,Savings,2021-04-17
ACC00226,M00226,Savings,2024-09-26
ACC00227,M00227,Savings,2022-03-15
ACC00228,M00228,Savings,2024-10-11
ACC00229,M00229,Savings,2023-08-09
ACC00230,M00230,Savings,2025-09-15
ACC00231,M00231,Savings,2026-05-09
ACC00232,M00232,Savings,2021-02-12
ACC00233,M00233,Savings,2023-03-28
ACC00234,M00234,Savings,2026-05-18
ACC00235,M00235,Savings,2025-03-20
ACC00236,M00236,Savings,2020-09-23
ACC00237,M00237,Savings,2025-12-27
ACC00238,M00238,Savings,2023-10-07
ACC00239,M00239,Savings,2024-06-12
ACC00240,M00240,Savings,2026-05-11
ACC00241,M00241,Savings,2025-10-16
ACC00242,M00242,Savings,2025-06-24
ACC00243,M00243,Savings,2022-04-07
ACC00244,M00244,Savings,2024-12-25
ACC00245,M00245,Savings,2025-08-04
ACC00246,M00246,Savings,2022-09-23
ACC00247,M00247,Savings,2025-07-17
ACC00248,M00248,Savings,2026-01-30
ACC00249,M00249,Savings,2020-02-03
ACC00250,M00250,Savings,2021-04-09
ACC00251,M00251,Savings,2022-09-21
ACC00252,M00252,Savings,2025-07-02
ACC00253,M00253,Savings,2025-01-21
ACC00254,M00254,Savings,2025-11-14
ACC00255,M00255,Savings,2025-01-15
ACC00256,M00256,Savings,2024-08-24
ACC00257,M00257,Savings,2021-09-01
ACC00258,M00258,Savings,2020-06-22
ACC00259,M00259,Savings,2019-07-30
ACC00260,M00260,Savings,2025-12-04
ACC00261,M00261,Savings,2024-09-20
ACC00262,M00262,Savings,2022-10-23
ACC00263,M00263,Savings,2026-04-18
ACC00264,M00264,Savings,2021-12-13
ACC00265,M00265,Savings,2023-07-23
ACC00266,M00266,Savings,2025-07-09
ACC00267,M00267,Savings,2026-01-15
ACC00268,M00268,Savings,2024-02-28
ACC00269,M00269,Savings,2019-07-15
ACC00270,M00270,Savings,2020-04-10
ACC00271,M00271,Savings,2024-03-19
ACC00272,M00272,Savings,2025-07-19
ACC00273,M00273,Savings,2020-12-05
ACC00274,M00274,Savings,2025-08-10
ACC00275,M00275,Savings,2022-08-05
ACC00276,M00276,Savings,2024-03-15
ACC00277,M00277,Savings,2020-08-19
ACC00278,M00278,Savings,2024-01-05
ACC00279,M00279,Savings,2022-02-16
ACC00280,M00280,Savings,2021-02-08
ACC00281,M00281,Savings,2021-06-19
ACC00282,M00282,Savings,2023-10-11
ACC00283,M00283,Savings,2025-07-14
ACC00284,M00284,Savings,2025-10-22
ACC00285,M00285,Savings,2021-10-12
ACC00286,M00286,Savings,2021-08-21
ACC00287,M00287,Savings,2026-02-02
ACC00288,M00288,Savings,2021-11-16
ACC00289,M00289,Savings,2021-10-17
ACC00290,M00290,Savings,2023-07-13
ACC00291,M00291,Savings,2024-10-07
ACC00292,M00292,Savings,2021-12-25
ACC00293,M00293,Savings,2022-10-24
ACC00294,M00294,Savings,2023-04-15
ACC00295,M00295,Savings,2023-06-14
ACC00296,M00296,Savings,2025-05-18
ACC00297,M00297,Savings,2022-02-04
ACC00298,M00298,Savings,2026-06-01
ACC00299,M00299,Savings,2019-09-09
ACC00300,M00300,Savings,2024-04-30
ACC00301,M00301,Savings,2025-05-28
ACC00302,M00302,Savings,2024-08-25
ACC00303,M00303,Savings,2019-11-09
ACC00304,M00304,Savings,2021-06-03
ACC00305,M00305,Savings,2025-06-04
ACC00306,M00306,Savings,2020-05-02
ACC00307,M00307,Savings,2023-01-11
ACC00308,M00308,Savings,2025-10-28
ACC00309,M00309,Savings,2021-01-26
ACC00310,M00310,Savings,2020-05-09
ACC00311,M00311,Savings,2022-07-26
ACC00312,M00312,Savings,2026-01-26
ACC00313,M00313,Savings,2021-03-25
ACC00314,M00314,Savings,2020-07-11
ACC00315,M00315,Savings,2021-08-08
ACC00316,M00316,Savings,2023-06-21
ACC00317,M00317,Savings,2024-02-21
ACC00318,M00318,Savings,2021-05-27
ACC00319,M00319,Savings,2021-05-17
ACC00320,M00320,Savings,2025-01-22
ACC00321,M00321,Savings,2023-03-24
ACC00322,M00322,Savings,2026-03-02
ACC00323,M00323,Savings,2023-12-20
ACC00324,M00324,Savings,2023-02-26
ACC00325,M00325,Savings,2021-09-28
ACC00326,M00326,Savings,2021-11-07
ACC00327,M00327,Savings,2021-01-23
ACC00328,M00328,Savings,2020-04-30
ACC00329,M00329,Savings,2024-03-11
ACC00330,M00330,Savings,2020-06-15
ACC00331,M00331,Savings,2019-12-31
ACC00332,M00332,Savings,2020-09-08
ACC00333,M00333,Savings,2025-12-14
ACC00334,M00334,Savings,2019-10-11
ACC00335,M00335,Savings,2021-02-02
ACC00336,M00336,Savings,2024-11-03
ACC00337,M00337,Savings,2020-10-16
ACC00338,M00338,Savings,2025-09-09
ACC00339,M00339,Savings,2021-08-04
ACC00340,M00340,Savings,2023-11-11
ACC00341,M00341,Savings,2025-07-10
ACC00342,M00342,Savings,2024-12-27
ACC00343,M00343,Savings,2020-10-12
ACC00344,M00344,Savings,2026-02-13
ACC00345,M00345,Savings,2023-09-09
ACC00346,M00346,Savings,2021-08-01
ACC00347,M00347,Savings,2022-09-28
ACC00348,M00348,Savings,2021-01-12
ACC00349,M00349,Savings,2024-02-29
ACC00350,M00350,Savings,2022-08-01
ACC00351,M00351,Savings,2025-01-20
ACC00352,M00352,Savings,2025-07-31
ACC00353,M00353,Savings,2022-04-11
ACC00354,M00354,Savings,2020-06-23
ACC00355,M00355,Savings,2026-02-04
ACC00356,M00356,Savings,2021-10-26
ACC00357,M00357,Savings,2021-05-22
ACC00358,M00358,Savings,2020-07-27
ACC00359,M00359,Savings,2020-12-03
ACC00360,M00360,Savings,2025-12-23
ACC00361,M00361,Savings,2020-07-18
ACC00362,M00362,Savings,2026-01-10
ACC00363,M00363,Savings,2023-07-09
ACC00364,M00364,Savings,2023-02-14
ACC00365,M00365,Savings,2020-01-17
ACC00366,M00366,Savings,2021-04-10
ACC00367,M00367,Savings,2022-07-29
ACC00368,M00368,Savings,2021-05-10
ACC00369,M00369,Savings,2020-07-26
ACC00370,M00370,Savings,2024-06-28
ACC00371,M00371,Savings,2024-11-09
ACC00372,M00372,Savings,2022-11-09
ACC00373,M00373,Savings,2020-04-08
ACC00374,M00374,Savings,2021-11-21
ACC00375,M00375,Savings,2020-08-17
ACC00376,M00376,Savings,2021-01-25
ACC00377,M00377,Savings,2026-04-25
ACC00378,M00378,Savings,2025-03-20
ACC00379,M00379,Savings,2020-10-06
ACC00380,M00380,Savings,2023-01-19
ACC00381,M00381,Savings,2021-06-09
ACC00382,M00382,Savings,2022-06-10
ACC00383,M00383,Savings,2025-02-13
ACC00384,M00384,Savings,2022-08-12
ACC00385,M00385,Savings,2023-11-19
ACC00386,M00386,Savings,2022-03-06
ACC00387,M00387,Savings,2020-02-13
ACC00388,M00388,Savings,2021-01-15
ACC00389,M00389,Savings,2020-12-03
ACC00390,M00390,Savings,2022-07-21
ACC00391,M00391,Savings,2023-07-17
ACC00392,M00392,Savings,2020-08-27
ACC00393,M00393,Savings,2019-08-22
ACC00394,M00394,Savings,2019-11-24
ACC00395,M00395,Savings,2024-03-02
ACC00396,M00396,Savings,2020-02-03
ACC00397,M00397,Savings,2022-09-01
ACC00398,M00398,Savings,2025-10-28
ACC00399,M00399,Savings,2021-09-10
ACC00400,M00400,Savings,2025-07-29
ACC00401,M00401,Savings,2023-09-21
ACC00402,M00402,Savings,2022-08-22
ACC00403,M00403,Savings,2023-09-05
ACC00404,M00404,Savings,2023-12-04
ACC00405,M00405,Savings,2023-01-13
ACC00406,M00406,Savings,2020-05-03
ACC00407,M00407,Savings,2024-07-17
ACC00408,M00408,Savings,2024-09-11
ACC00409,M00409,Savings,2023-03-06
ACC00410,M00410,Savings,2022-11-08
ACC00411,M00411,Savings,2025-09-02
ACC00412,M00412,Savings,2021-12-29
ACC00413,M00413,Savings,2020-05-05
ACC00414,M00414,Savings,2023-03-22
ACC00415,M00415,Savings,2023-12-06
ACC00416,M00416,Savings,2021-08-07
ACC00417,M00417,Savings,2022-04-04
ACC00418,M00418,Savings,2022-08-21
ACC00419,M00419,Savings,2025-08-06
ACC00420,M00420,Savings,2024-12-08
ACC00421,M00421,Savings,2023-01-29
ACC00422,M00422,Savings,2025-06-09
ACC00423,M00423,Savings,2022-06-28
ACC00424,M00424,Savings,2023-11-09
ACC00425,M00425,Savings,2023-07-11
ACC00426,M00426,Savings,2021-08-12
ACC00427,M00427,Savings,2026-04-01
ACC00428,M00428,Savings,2020-12-18
ACC00429,M00429,Savings,2026-01-29
ACC00430,M00430,Savings,2023-12-09
ACC00431,M00431,Savings,2024-12-18
ACC00432,M00432,Savings,2021-06-20
ACC00433,M00433,Savings,2025-12-04
ACC00434,M00434,Savings,2026-05-11
ACC00435,M00435,Savings,2020-05-16
ACC00436,M00436,Savings,2023-04-08
ACC00437,M00437,Savings,2020-09-17
ACC00438,M00438,Savings,2025-01-11
ACC00439,M00439,Savings,2022-01-11
ACC00440,M00440,Savings,2022-06-06
ACC00441,M00441,Savings,2025-08-20
ACC00442,M00442,Savings,2021-05-08
ACC00443,M00443,Savings,2024-02-03
ACC00444,M00444,Savings,2022-03-01
ACC00445,M00445,Savings,2019-07-18
ACC00446,M00446,Savings,2021-10-27
ACC00447,M00447,Savings,2024-10-12
ACC00448,M00448,Savings,2023-10-12
ACC00449,M00449,Savings,2022-07-07
ACC00450,M00450,Savings,2025-07-28
ACC00451,M00451,Savings,2025-05-12
ACC00452,M00452,Savings,2024-11-03
ACC00453,M00453,Savings,2025-04-18
ACC00454,M00454,Savings,2021-11-16
ACC00455,M00455,Savings,2021-02-27
ACC00456,M00456,Savings,2023-12-16
ACC00457,M00457,Savings,2026-02-02
ACC00458,M00458,Savings,2026-01-13
ACC00459,M00459,Savings,2023-05-11
ACC00460,M00460,Savings,2021-06-07
ACC00461,M00461,Savings,2023-03-21
ACC00462,M00462,Savings,2022-11-25
ACC00463,M00463,Savings,2024-06-20
ACC00464,M00464,Savings,2024-01-25
ACC00465,M00465,Savings,2020-03-27
ACC00466,M00466,Savings,2021-08-30
ACC00467,M00467,Savings,2021-09-25
ACC00468,M00468,Savings,2019-11-05
ACC00469,M00469,Savings,2023-06-04
ACC00470,M00470,Savings,2020-01-22
ACC00471,M00471,Savings,2021-10-26
ACC00472,M00472,Savings,2021-06-11
ACC00473,M00473,Savings,2023-09-22
ACC00474,M00474,Savings,2023-12-15
ACC00475,M00475,Savings,2026-05-01
ACC00476,M00476,Savings,2023-02-23
ACC00477,M00477,Savings,2022-03-13
ACC00478,M00478,Savings,2021-01-26
ACC00479,M00479,Savings,2019-11-24
ACC00480,M00480,Savings,2021-12-29
ACC00481,M00481,Savings,2021-05-29
ACC00482,M00482,Savings,2022-05-27
ACC00483,M00483,Savings,2023-06-27
ACC00484,M00484,Savings,2022-10-19
ACC00485,M00485,Savings,2024-10-18
ACC00486,M00486,Savings,2020-02-09
ACC00487,M00487,Savings,2024-08-19
ACC00488,M00488,Savings,2021-06-26
ACC00489,M00489,Savings,2021-05-23
ACC00490,M00490,Savings,2024-04-25
ACC00491,M00491,Savings,2023-09-08
ACC00492,M00492,Savings,2019-07-19
ACC00493,M00493,Savings,2023-10-21
ACC00494,M00494,Savings,2025-05-03
ACC00495,M00495,Savings,2023-07-13
ACC00496,M00496,Savings,2020-12-21
ACC00497,M00497,Savings,2019-12-03
ACC00498,M00498,Savings,2020-01-15
ACC00499,M00499,Savings,2020-11-20
ACC00500,M00500,Savings,2024-03-21
ACC00501,M00501,Savings,2020-09-04
ACC00502,M00502,Savings,2026-05-01
ACC00503,M00503,Savings,2022-10-24
ACC00504,M00504,Savings,2019-07-14
ACC00505,M00505,Savings,2020-07-05
ACC00506,M00506,Savings,2022-10-27
ACC00507,M00507,Savings,2023-07-17
ACC00508,M00508,Savings,2021-05-31
ACC00509,M00509,Savings,2023-05-06
ACC00510,M00510,Savings,2024-11-11
ACC00511,M00511,Savings,2020-02-28
ACC00512,M00512,Savings,2021-07-14
ACC00513,M00513,Savings,2024-12-22
ACC00514,M00514,Savings,2019-08-22
ACC00515,M00515,Savings,2023-04-18
ACC00516,M00516,Savings,2022-04-16
ACC00517,M00517,Savings,2025-10-05
ACC00518,M00518,Savings,2025-01-22
ACC00519,M00519,Savings,2025-03-09
ACC00520,M00520,Savings,2025-12-05
ACC00521,M00521,Savings,2019-09-13
ACC00522,M00522,Savings,2026-04-11
ACC00523,M00523,Savings,2024-08-13
ACC00524,M00524,Savings,2026-03-25
ACC00525,M00525,Savings,2021-12-27
ACC00526,M00526,Savings,2020-09-10
ACC00527,M00527,Savings,2021-09-12
ACC00528,M00528,Savings,2021-08-21
ACC00529,M00529,Savings,2024-07-21
ACC00530,M00530,Savings,2020-01-17
ACC00531,M00531,Savings,2021-06-27
ACC00532,M00532,Savings,2026-04-19
ACC00533,M00533,Savings,2022-10-19
ACC00534,M00534,Savings,2025-08-23
ACC00535,M00535,Savings,2022-10-05
ACC00536,M00536,Savings,2023-02-12
ACC00537,M00537,Savings,2024-03-07
ACC00538,M00538,Savings,2023-10-10
ACC00539,M00539,Savings,2022-04-24
ACC00540,M00540,Savings,2019-11-12
ACC00541,M00541,Savings,2025-10-17
ACC00542,M00542,Savings,2023-10-12
ACC00543,M00543,Savings,2022-04-27
ACC00544,M00544,Savings,2023-08-17
ACC00545,M00545,Savings,2020-05-03
ACC00546,M00546,Savings,2022-08-19
ACC00547,M00547,Savings,2021-03-28
ACC00548,M00548,Savings,2022-11-17
ACC00549,M00549,Savings,2021-07-25
ACC00550,M00550,Savings,2020-07-13
ACC00551,M00551,Savings,2021-12-13
ACC00552,M00552,Savings,2024-07-01
ACC00553,M00553,Savings,2023-02-06
ACC00554,M00554,Savings,2019-10-12
ACC00555,M00555,Savings,2022-10-29
ACC00556,M00556,Savings,2025-06-25
ACC00557,M00557,Savings,2021-10-22
ACC00558,M00558,Savings,2021-03-23
ACC00559,M00559,Savings,2022-04-29
ACC00560,M00560,Savings,2024-01-14
ACC00561,M00561,Savings,2020-03-18
ACC00562,M00562,Savings,2022-11-18
ACC00563,M00563,Savings,2019-11-06
ACC00564,M00564,Savings,2021-02-12
ACC00565,M00565,Savings,2025-09-22
ACC00566,M00566,Savings,2022-12-02
ACC00567,M00567,Savings,2025-04-01
ACC00568,M00568,Savings,2025-11-11
ACC00569,M00569,Savings,2022-10-05
ACC00570,M00570,Savings,2020-12-09
ACC00571,M00571,Savings,2024-07-21
ACC00572,M00572,Savings,2023-08-03
ACC00573,M00573,Savings,2024-05-23
ACC00574,M00574,Savings,2023-07-11
ACC00575,M00575,Savings,2021-01-26
ACC00576,M00576,Savings,2025-03-10
ACC00577,M00577,Savings,2019-11-30
ACC00578,M00578,Savings,2023-08-09
ACC00579,M00579,Savings,2025-03-23
ACC00580,M00580,Savings,2025-04-07
ACC00581,M00581,Savings,2024-12-03
ACC00582,M00582,Savings,2022-02-15
ACC00583,M00583,Savings,2024-08-07
ACC00584,M00584,Savings,2022-07-27
ACC00585,M00585,Savings,2026-02-03
ACC00586,M00586,Savings,2025-04-17
ACC00587,M00587,Savings,2019-07-30
ACC00588,M00588,Savings,2022-08-26
ACC00589,M00589,Savings,2023-03-16
ACC00590,M00590,Savings,2024-02-10
ACC00591,M00591,Savings,2025-04-01
ACC00592,M00592,Savings,2025-04-18
ACC00593,M00593,Savings,2020-06-18
ACC00594,M00594,Savings,2024-02-09
ACC00595,M00595,Savings,2022-06-20
ACC00596,M00596,Savings,2022-01-29
ACC00597,M00597,Savings,2025-02-26
ACC00598,M00598,Savings,2026-03-24
ACC00599,M00599,Savings,2020-12-17
ACC00600,M00600,Savings,2019-12-27
ACC00601,M00601,Savings,2025-12-17
ACC00602,M00602,Savings,2025-08-07
ACC00603,M00603,Savings,2025-04-30
ACC00604,M00604,Savings,2021-03-27
ACC00605,M00605,Savings,2026-05-13
ACC00606,M00606,Savings,2025-10-02
ACC00607,M00607,Savings,2023-05-13
ACC00608,M00608,Savings,2021-04-25
ACC00609,M00609,Savings,2020-02-01
ACC00610,M00610,Savings,2026-03-26
ACC00611,M00611,Savings,2023-10-24
ACC00612,M00612,Savings,2024-06-04
ACC00613,M00613,Savings,2026-03-23
ACC00614,M00614,Savings,2019-07-04
ACC00615,M00615,Savings,2024-01-18
ACC00616,M00616,Savings,2025-10-09
ACC00617,M00617,Savings,2024-01-12
ACC00618,M00618,Savings,2025-02-21
ACC00619,M00619,Savings,2025-12-12
ACC00620,M00620,Savings,2024-08-24
ACC00621,M00621,Savings,2023-10-17
ACC00622,M00622,Savings,2025-04-17
ACC00623,M00623,Savings,2023-05-03
ACC00624,M00624,Savings,2025-12-07
ACC00625,M00625,Savings,2022-02-18
ACC00626,M00626,Savings,2023-06-30
ACC00627,M00627,Savings,2019-07-30
ACC00628,M00628,Savings,2025-12-11
ACC00629,M00629,Savings,2025-12-20
ACC00630,M00630,Savings,2023-05-25
ACC00631,M00631,Savings,2024-08-29
ACC00632,M00632,Savings,2023-02-24
ACC00633,M00633,Savings,2024-10-14
ACC00634,M00634,Savings,2023-09-04
ACC00635,M00635,Savings,2022-01-24
ACC00636,M00636,Savings,2021-09-13
ACC00637,M00637,Savings,2025-02-07
ACC00638,M00638,Savings,2024-12-16
ACC00639,M00639,Savings,2021-05-02
ACC00640,M00640,Savings,2022-06-01
ACC00641,M00641,Savings,2020-11-10
ACC00642,M00642,Savings,2025-07-16
ACC00643,M00643,Savings,2024-07-06
ACC00644,M00644,Savings,2023-04-14
ACC00645,M00645,Savings,2022-01-22
ACC00646,M00646,Savings,2022-07-18
ACC00647,M00647,Savings,2021-05-18
ACC00648,M00648,Savings,2020-05-25
ACC00649,M00649,Savings,2019-10-18
ACC00650,M00650,Savings,2023-11-15
ACC00651,M00651,Savings,2025-05-29
ACC00652,M00652,Savings,2025-07-25
ACC00653,M00653,Savings,2024-08-15
ACC00654,M00654,Savings,2025-06-27
ACC00655,M00655,Savings,2023-08-09
ACC00656,M00656,Savings,2021-01-11
ACC00657,M00657,Savings,2024-04-30
ACC00658,M00658,Savings,2025-10-15
ACC00659,M00659,Savings,2020-05-22
ACC00660,M00660,Savings,2025-06-19
ACC00661,M00661,Savings,2024-08-10
ACC00662,M00662,Savings,2021-03-17
ACC00663,M00663,Savings,2024-06-01
ACC00664,M00664,Savings,2022-12-30
ACC00665,M00665,Savings,2021-02-20
ACC00666,M00666,Savings,2022-04-22
ACC00667,M00667,Savings,2022-04-10
ACC00668,M00668,Savings,2024-10-20
ACC00669,M00669,Savings,2019-12-22
ACC00670,M00670,Savings,2020-02-01
ACC00671,M00671,Savings,2022-08-06
ACC00672,M00672,Savings,2024-10-30
ACC00673,M00673,Savings,2023-04-19
ACC00674,M00674,Savings,2020-11-29
ACC00675,M00675,Savings,2019-09-28
ACC00676,M00676,Savings,2025-10-08
ACC00677,M00677,Savings,2023-02-17
ACC00678,M00678,Savings,2021-03-28
ACC00679,M00679,Savings,2025-03-05
ACC00680,M00680,Savings,2020-03-18
ACC00681,M00681,Savings,2025-09-07
ACC00682,M00682,Savings,2020-04-01
ACC00683,M00683,Savings,2021-08-25
ACC00684,M00684,Savings,2026-02-13
ACC00685,M00685,Savings,2021-11-03
ACC00686,M00686,Savings,2020-03-07
ACC00687,M00687,Savings,2022-06-25
ACC00688,M00688,Savings,2020-08-03
ACC00689,M00689,Savings,2022-04-16
ACC00690,M00690,Savings,2025-12-19
ACC00691,M00691,Savings,2021-07-10
ACC00692,M00692,Savings,2023-06-15
ACC00693,M00693,Savings,2024-04-30
ACC00694,M00694,Savings,2022-05-08
ACC00695,M00695,Savings,2019-09-07
ACC00696,M00696,Savings,2023-01-12
ACC00697,M00697,Savings,2025-11-25
ACC00698,M00698,Savings,2023-08-14
ACC00699,M00699,Savings,2025-11-18
ACC00700,M00700,Savings,2025-12-18
ACC00701,M00701,Savings,2020-02-17
ACC00702,M00702,Savings,2022-01-16
ACC00703,M00703,Savings,2019-12-18
ACC00704,M00704,Savings,2023-11-28
ACC00705,M00705,Savings,2023-12-04
ACC00706,M00706,Savings,2022-06-12
ACC00707,M00707,Savings,2021-09-21
ACC00708,M00708,Savings,2022-04-06
ACC00709,M00709,Savings,2024-02-21
ACC00710,M00710,Savings,2022-12-02
ACC00711,M00711,Savings,2020-01-02
ACC00712,M00712,Savings,2022-03-24
ACC00713,M00713,Savings,2020-09-30
ACC00714,M00714,Savings,2025-08-18
ACC00715,M00715,Savings,2026-01-14
ACC00716,M00716,Savings,2022-07-18
ACC00717,M00717,Savings,2023-07-17
ACC00718,M00718,Savings,2020-08-13
ACC00719,M00719,Savings,2024-08-20
ACC00720,M00720,Savings,2024-12-29
ACC00721,M00721,Savings,2022-02-24
ACC00722,M00722,Savings,2019-10-31
ACC00723,M00723,Savings,2020-06-26
ACC00724,M00724,Savings,2021-03-19
ACC00725,M00725,Savings,2021-10-26
ACC00726,M00726,Savings,2025-05-17
ACC00727,M00727,Savings,2021-04-10
ACC00728,M00728,Savings,2021-02-18
ACC00729,M00729,Savings,2022-07-28
ACC00730,M00730,Savings,2022-06-30
ACC00731,M00731,Savings,2023-07-13
ACC00732,M00732,Savings,2023-09-11
ACC00733,M00733,Savings,2019-11-12
ACC00734,M00734,Savings,2021-10-10
ACC00735,M00735,Savings,2022-04-08
ACC00736,M00736,Savings,2025-11-30
ACC00737,M00737,Savings,2024-08-16
ACC00738,M00738,Savings,2025-10-03
ACC00739,M00739,Savings,2022-12-01
ACC00740,M00740,Savings,2024-09-12
ACC00741,M00741,Savings,2025-08-18
ACC00742,M00742,Savings,2021-10-07
ACC00743,M00743,Savings,2024-07-16
ACC00744,M00744,Savings,2023-10-01
ACC00745,M00745,Savings,2021-03-08
ACC00746,M00746,Savings,2024-07-03
ACC00747,M00747,Savings,2022-05-04
ACC00748,M00748,Savings,2025-01-13
ACC00749,M00749,Savings,2026-03-30
ACC00750,M00750,Savings,2021-10-30
ACC00751,M00751,Savings,2019-11-12
ACC00752,M00752,Savings,2021-07-02
ACC00753,M00753,Savings,2021-06-28
ACC00754,M00754,Savings,2023-02-14
ACC00755,M00755,Savings,2024-10-12
ACC00756,M00756,Savings,2021-11-08
ACC00757,M00757,Savings,2026-04-14
ACC00758,M00758,Savings,2023-06-21
ACC00759,M00759,Savings,2026-05-03
ACC00760,M00760,Savings,2020-10-28
ACC00761,M00761,Savings,2021-11-18
ACC00762,M00762,Savings,2025-03-08
ACC00763,M00763,Savings,2025-11-18
ACC00764,M00764,Savings,2024-11-15
ACC00765,M00765,Savings,2025-07-10
ACC00766,M00766,Savings,2023-01-15
ACC00767,M00767,Savings,2022-08-24
ACC00768,M00768,Savings,2023-11-14
ACC00769,M00769,Savings,2022-07-19
ACC00770,M00770,Savings,2021-12-04
ACC00771,M00771,Savings,2024-06-23
ACC00772,M00772,Savings,2024-12-03
ACC00773,M00773,Savings,2021-10-20
ACC00774,M00774,Savings,2019-12-30
ACC00775,M00775,Savings,2023-01-02
ACC00776,M00776,Savings,2022-09-18
ACC00777,M00777,Savings,2022-07-27
ACC00778,M00778,Savings,2023-06-06
ACC00779,M00779,Savings,2020-04-19
ACC00780,M00780,Savings,2024-10-12
ACC00781,M00781,Savings,2026-03-09
ACC00782,M00782,Savings,2023-03-25
ACC00783,M00783,Savings,2024-09-21
ACC00784,M00784,Savings,2024-09-20
ACC00785,M00785,Savings,2023-03-17
ACC00786,M00786,Savings,2024-09-03
ACC00787,M00787,Savings,2024-01-19
ACC00788,M00788,Savings,2026-02-14
ACC00789,M00789,Savings,2023-04-28
ACC00790,M00790,Savings,2025-08-10
ACC00791,M00791,Savings,2026-03-09
ACC00792,M00792,Savings,2020-04-13
ACC00793,M00793,Savings,2020-03-10
ACC00794,M00794,Savings,2021-02-22
ACC00795,M00795,Savings,2023-01-19
ACC00796,M00796,Savings,2023-05-13
ACC00797,M00797,Savings,2020-03-14
ACC00798,M00798,Savings,2022-08-31
ACC00799,M00799,Savings,2023-10-17
ACC00800,M00800,Savings,2025-09-24
ACC00801,M00801,Savings,2020-11-28
ACC00802,M00802,Savings,2021-01-09
ACC00803,M00803,Savings,2021-07-08
ACC00804,M00804,Savings,2021-08-02
ACC00805,M00805,Savings,2025-08-17
ACC00806,M00806,Savings,2024-11-25
ACC00807,M00807,Savings,2025-05-15
ACC00808,M00808,Savings,2026-01-01
ACC00809,M00809,Savings,2025-04-01
ACC00810,M00810,Savings,2019-11-24
ACC00811,M00811,Savings,2024-10-22
ACC00812,M00812,Savings,2024-12-08
ACC00813,M00813,Savings,2022-08-26
ACC00814,M00814,Savings,2026-02-19
ACC00815,M00815,Savings,2022-02-24
ACC00816,M00816,Savings,2026-03-07
ACC00817,M00817,Savings,2021-05-18
ACC00818,M00818,Savings,2020-10-20
ACC00819,M00819,Savings,2025-06-22
ACC00820,M00820,Savings,2024-05-17
ACC00821,M00821,Savings,2019-12-18
ACC00822,M00822,Savings,2022-07-23
ACC00823,M00823,Savings,2024-09-02
ACC00824,M00824,Savings,2021-07-08
ACC00825,M00825,Savings,2025-05-23
ACC00826,M00826,Savings,2019-10-08
ACC00827,M00827,Savings,2020-11-05
ACC00828,M00828,Savings,2021-07-26
ACC00829,M00829,Savings,2022-08-08
ACC00830,M00830,Savings,2020-05-01
ACC00831,M00831,Savings,2022-06-21
ACC00832,M00832,Savings,2025-01-07
ACC00833,M00833,Savings,2024-06-14
ACC00834,M00834,Savings,2019-09-17
ACC00835,M00835,Savings,2021-03-14
ACC00836,M00836,Savings,2024-01-12
ACC00837,M00837,Savings,2023-07-12
ACC00838,M00838,Savings,2023-04-25
ACC00839,M00839,Savings,2025-09-20
ACC00840,M00840,Savings,2023-07-13
ACC00841,M00841,Savings,2019-10-14
ACC00842,M00842,Savings,2025-06-28
ACC00843,M00843,Savings,2019-12-25
ACC00844,M00844,Savings,2025-07-08
ACC00845,M00845,Savings,2024-12-25
ACC00846,M00846,Savings,2020-12-18
ACC00847,M00847,Savings,2021-06-01
ACC00848,M00848,Savings,2026-05-28
ACC00849,M00849,Savings,2025-12-17
ACC00850,M00850,Savings,2023-04-07
ACC00851,M00851,Savings,2025-09-15
ACC00852,M00852,Savings,2026-05-15
ACC00853,M00853,Savings,2021-07-06
ACC00854,M00854,Savings,2024-11-02
ACC00855,M00855,Savings,2021-06-16
ACC00856,M00856,Savings,2022-11-17
ACC00857,M00857,Savings,2023-07-24
ACC00858,M00858,Savings,2020-10-06
ACC00859,M00859,Savings,2019-12-26
ACC00860,M00860,Savings,2024-08-01
ACC00861,M00861,Savings,2019-10-30
ACC00862,M00862,Savings,2023-02-27
ACC00863,M00863,Savings,2023-02-27
ACC00864,M00864,Savings,2020-04-29
ACC00865,M00865,Savings,2026-05-03
ACC00866,M00866,Savings,2022-07-11
ACC00867,M00867,Savings,2020-09-30
ACC00868,M00868,Savings,2026-04-09
ACC00869,M00869,Savings,2022-01-28
ACC00870,M00870,Savings,2024-09-09
ACC00871,M00871,Savings,2025-12-31
ACC00872,M00872,Savings,2019-12-14
ACC00873,M00873,Savings,2020-08-07
ACC00874,M00874,Savings,2023-07-10
ACC00875,M00875,Savings,2024-08-26
ACC00876,M00876,Savings,2024-01-18
ACC00877,M00877,Savings,2020-04-17
ACC00878,M00878,Savings,2022-07-12
ACC00879,M00879,Savings,2020-02-12
ACC00880,M00880,Savings,2024-09-20
ACC00881,M00881,Savings,2021-10-18
ACC00882,M00882,Savings,2026-01-03
ACC00883,M00883,Savings,2025-02-23
ACC00884,M00884,Savings,2025-05-29
ACC00885,M00885,Savings,2023-08-18
ACC00886,M00886,Savings,2021-07-04
ACC00887,M00887,Savings,2021-02-28
ACC00888,M00888,Savings,2025-07-28
ACC00889,M00889,Savings,2019-10-01
ACC00890,M00890,Savings,2023-02-28
ACC00891,M00891,Savings,2025-11-11
ACC00892,M00892,Savings,2022-09-25
ACC00893,M00893,Savings,2025-07-03
ACC00894,M00894,Savings,2019-12-18
ACC00895,M00895,Savings,2019-11-22
ACC00896,M00896,Savings,2022-11-19
ACC00897,M00897,Savings,2023-02-03
ACC00898,M00898,Savings,2022-10-25
ACC00899,M00899,Savings,2024-06-16
ACC00900,M00900,Savings,2020-10-23
ACC00901,M00901,Savings,2023-02-28
ACC00902,M00902,Savings,2022-08-14
ACC00903,M00903,Savings,2021-09-06
ACC00904,M00904,Savings,2021-02-27
ACC00905,M00905,Savings,2024-07-01
ACC00906,M00906,Savings,2022-09-27
ACC00907,M00907,Savings,2026-03-17
ACC00908,M00908,Savings,2026-02-15
ACC00909,M00909,Savings,2024-09-06
ACC00910,M00910,Savings,2025-01-01
ACC00911,M00911,Savings,2024-09-12
ACC00912,M00912,Savings,2024-10-19
ACC00913,M00913,Savings,2022-03-31
ACC00914,M00914,Savings,2026-01-07
ACC00915,M00915,Savings,2025-12-14
ACC00916,M00916,Savings,2021-01-07
ACC00917,M00917,Savings,2020-01-18
ACC00918,M00918,Savings,2021-07-22
ACC00919,M00919,Savings,2022-11-17
ACC00920,M00920,Savings,2021-02-10
ACC00921,M00921,Savings,2021-04-30
ACC00922,M00922,Savings,2025-05-25
ACC00923,M00923,Savings,2020-05-10
ACC00924,M00924,Savings,2023-07-27
ACC00925,M00925,Savings,2022-12-01
ACC00926,M00926,Savings,2022-12-13
ACC00927,M00927,Savings,2024-12-06
ACC00928,M00928,Savings,2020-11-01
ACC00929,M00929,Savings,2026-04-01
ACC00930,M00930,Savings,2022-08-12
ACC00931,M00931,Savings,2025-11-23
ACC00932,M00932,Savings,2021-08-25
ACC00933,M00933,Savings,2025-02-26
ACC00934,M00934,Savings,2023-06-25
ACC00935,M00935,Savings,2020-11-20
ACC00936,M00936,Savings,2019-12-16
ACC00937,M00937,Savings,2022-12-31
ACC00938,M00938,Savings,2024-11-01
ACC00939,M00939,Savings,2020-06-15
ACC00940,M00940,Savings,2021-05-24
ACC00941,M00941,Savings,2020-11-16
ACC00942,M00942,Savings,2023-12-28
ACC00943,M00943,Savings,2024-08-07
ACC00944,M00944,Savings,2020-08-13
ACC00945,M00945,Savings,2023-03-03
ACC00946,M00946,Savings,2025-01-08
ACC00947,M00947,Savings,2023-05-10
ACC00948,M00948,Savings,2023-01-11
ACC00949,M00949,Savings,2022-11-25
ACC00950,M00950,Savings,2025-11-18
ACC00951,M00951,Savings,2021-04-03
ACC00952,M00952,Savings,2023-06-16
ACC00953,M00953,Savings,2023-05-31
ACC00954,M00954,Savings,2023-05-16
ACC00955,M00955,Savings,2023-01-01
ACC00956,M00956,Savings,2019-09-21
ACC00957,M00957,Savings,2024-03-23
ACC00958,M00958,Savings,2023-11-17
ACC00959,M00959,Savings,2025-02-20
ACC00960,M00960,Savings,2020-05-06
ACC00961,M00961,Savings,2022-01-13
ACC00962,M00962,Savings,2022-07-26
ACC00963,M00963,Savings,2020-05-12
ACC00964,M00964,Savings,2023-01-06
ACC00965,M00965,Savings,2025-08-22
ACC00966,M00966,Savings,2021-11-21
ACC00967,M00967,Savings,2020-03-04
ACC00968,M00968,Savings,2022-11-13
ACC00969,M00969,Savings,2024-02-16
ACC00970,M00970,Savings,2022-03-05
ACC00971,M00971,Savings,2024-05-23
ACC00972,M00972,Savings,2022-05-26
ACC00973,M00973,Savings,2020-02-14
ACC00974,M00974,Savings,2020-07-06
ACC00975,M00975,Savings,2025-02-10
ACC00976,M00976,Savings,2020-07-06
ACC00977,M00977,Savings,2023-11-16
ACC00978,M00978,Savings,2024-06-06
ACC00979,M00979,Savings,2020-10-07
ACC00980,M00980,Savings,2021-02-15
ACC00981,M00981,Savings,2026-04-18
ACC00982,M00982,Savings,2023-10-25
ACC00983,M00983,Savings,2024-06-18
ACC00984,M00984,Savings,2022-02-21
ACC00985,M00985,Savings,2024-01-22
ACC00986,M00986,Savings,2023-03-26
ACC00987,M00987,Savings,2023-06-13
ACC00988,M00988,Savings,2020-02-01
ACC00989,M00989,Savings,2022-12-05
ACC00990,M00990,Savings,2020-12-16
ACC00991,M00991,Savings,2020-12-30
ACC00992,M00992,Savings,2024-02-24
ACC00993,M00993,Savings,2025-10-06
ACC00994,M00994,Savings,2021-05-24
ACC00995,M00995,Savings,2021-05-29
ACC00996,M00996,Savings,2025-01-16
ACC00997,M00997,Savings,2023-10-14
ACC00998,M00998,Savings,2021-08-16
ACC00999,M00999,Savings,2024-07-23
ACC01000,M01000,Savings,2020-12-29
ACC01001,M01001,Savings,2026-03-14
ACC01002,M01002,Savings,2024-10-12
ACC01003,M01003,Savings,2023-10-10
ACC01004,M01004,Savings,2021-07-06
ACC01005,M01005,Savings,2023-01-22
ACC01006,M01006,Savings,2022-08-26
ACC01007,M01007,Savings,2022-06-17
ACC01008,M01008,Savings,2025-09-25
ACC01009,M01009,Savings,2021-07-22
ACC01010,M01010,Savings,2025-01-19
ACC01011,M01011,Savings,2021-02-28
ACC01012,M01012,Savings,2025-03-16
ACC01013,M01013,Savings,2025-11-25
ACC01014,M01014,Savings,2019-10-17
ACC01015,M01015,Savings,2020-09-09
ACC01016,M01016,Savings,2026-03-01
ACC01017,M01017,Savings,2025-11-19
ACC01018,M01018,Savings,2020-04-17
ACC01019,M01019,Savings,2023-12-22
ACC01020,M01020,Savings,2021-03-25
ACC01021,M01021,Savings,2020-07-30
ACC01022,M01022,Savings,2026-03-26
ACC01023,M01023,Savings,2024-04-11
ACC01024,M01024,Savings,2021-03-29
ACC01025,M01025,Savings,2020-05-22
ACC01026,M01026,Savings,2022-10-25
ACC01027,M01027,Savings,2024-04-07
ACC01028,M01028,Savings,2026-01-25
ACC01029,M01029,Savings,2023-11-28
ACC01030,M01030,Savings,2024-08-08
ACC01031,M01031,Savings,2026-04-11
ACC01032,M01032,Savings,2020-10-22
ACC01033,M01033,Savings,2024-12-16
ACC01034,M01034,Savings,2021-01-06
ACC01035,M01035,Savings,2021-02-16
ACC01036,M01036,Savings,2024-09-12
ACC01037,M01037,Savings,2024-06-29
ACC01038,M01038,Savings,2025-11-20
ACC01039,M01039,Savings,2025-12-28
ACC01040,M01040,Savings,2026-02-16
ACC01041,M01041,Savings,2025-06-04
ACC01042,M01042,Savings,2024-03-06
ACC01043,M01043,Savings,2019-09-26
ACC01044,M01044,Savings,2021-12-18
ACC01045,M01045,Savings,2023-11-17
ACC01046,M01046,Savings,2021-04-26
ACC01047,M01047,Savings,2021-06-11
ACC01048,M01048,Savings,2021-11-06
ACC01049,M01049,Savings,2021-06-17
ACC01050,M01050,Savings,2020-11-08
ACC01051,M01051,Savings,2025-09-30
ACC01052,M01052,Savings,2020-01-25
ACC01053,M01053,Savings,2026-05-04
ACC01054,M01054,Savings,2021-10-21
ACC01055,M01055,Savings,2020-08-12
ACC01056,M01056,Savings,2024-06-04
ACC01057,M01057,Savings,2021-06-03
ACC01058,M01058,Savings,2022-04-03
ACC01059,M01059,Savings,2024-02-20
ACC01060,M01060,Savings,2019-08-12
ACC01061,M01061,Savings,2024-05-14
ACC01062,M01062,Savings,2025-05-01
ACC01063,M01063,Savings,2023-01-07
ACC01064,M01064,Savings,2024-01-12
ACC01065,M01065,Savings,2024-01-14
ACC01066,M01066,Savings,2020-11-30
ACC01067,M01067,Savings,2025-05-07
ACC01068,M01068,Savings,2022-03-17
ACC01069,M01069,Savings,2025-03-11
ACC01070,M01070,Savings,2019-07-24
ACC01071,M01071,Savings,2025-06-25
ACC01072,M01072,Savings,2025-04-30
ACC01073,M01073,Savings,2021-02-22
ACC01074,M01074,Savings,2024-11-03
ACC01075,M01075,Savings,2025-04-27
ACC01076,M01076,Savings,2024-12-28
ACC01077,M01077,Savings,2020-12-13
ACC01078,M01078,Savings,2021-04-05
ACC01079,M01079,Savings,2025-11-29
ACC01080,M01080,Savings,2022-10-19
ACC01081,M01081,Savings,2022-12-03
ACC01082,M01082,Savings,2023-05-31
ACC01083,M01083,Savings,2023-04-16
ACC01084,M01084,Savings,2024-09-01
ACC01085,M01085,Savings,2024-02-04
ACC01086,M01086,Savings,2024-06-20
ACC01087,M01087,Savings,2022-12-19
ACC01088,M01088,Savings,2025-12-20
ACC01089,M01089,Savings,2020-11-06
ACC01090,M01090,Savings,2025-12-31
ACC01091,M01091,Savings,2025-01-05
ACC01092,M01092,Savings,2022-05-21
ACC01093,M01093,Savings,2022-05-14
ACC01094,M01094,Savings,2021-07-15
ACC01095,M01095,Savings,2023-02-19
ACC01096,M01096,Savings,2026-03-13
ACC01097,M01097,Savings,2020-03-07
ACC01098,M01098,Savings,2022-02-14
ACC01099,M01099,Savings,2020-11-28
ACC01100,M01100,Savings,2023-09-09
ACC01101,M01101,Savings,2024-07-26
ACC01102,M01102,Savings,2020-03-05
ACC01103,M01103,Savings,2021-11-20
ACC01104,M01104,Savings,2022-11-15
ACC01105,M01105,Savings,2024-05-06
ACC01106,M01106,Savings,2024-07-30
ACC01107,M01107,Savings,2019-09-06
ACC01108,M01108,Savings,2021-06-12
ACC01109,M01109,Savings,2020-05-15
ACC01110,M01110,Savings,2023-09-21
ACC01111,M01111,Savings,2021-08-31
ACC01112,M01112,Savings,2026-05-19
ACC01113,M01113,Savings,2022-08-25
ACC01114,M01114,Savings,2023-12-11
ACC01115,M01115,Savings,2025-11-05
ACC01116,M01116,Savings,2025-11-22
ACC01117,M01117,Savings,2019-10-05
ACC01118,M01118,Savings,2020-01-31
ACC01119,M01119,Savings,2023-07-22
ACC01120,M01120,Savings,2024-03-18
ACC01121,M01121,Savings,2025-11-30
ACC01122,M01122,Savings,2021-09-16
ACC01123,M01123,Savings,2019-10-09
ACC01124,M01124,Savings,2022-03-05
ACC01125,M01125,Savings,2026-03-25
ACC01126,M01126,Savings,2020-03-07
ACC01127,M01127,Savings,2024-06-16
ACC01128,M01128,Savings,2025-10-09
ACC01129,M01129,Savings,2022-02-11
ACC01130,M01130,Savings,2024-04-20
ACC01131,M01131,Savings,2026-02-03
ACC01132,M01132,Savings,2021-09-03
ACC01133,M01133,Savings,2024-06-27
ACC01134,M01134,Savings,2024-05-22
ACC01135,M01135,Savings,2021-02-18
ACC01136,M01136,Savings,2026-01-29
ACC01137,M01137,Savings,2024-03-26
ACC01138,M01138,Savings,2024-11-01
ACC01139,M01139,Savings,2022-11-11
ACC01140,M01140,Savings,2019-07-18
ACC01141,M01141,Savings,2023-03-21
ACC01142,M01142,Savings,2023-07-07
ACC01143,M01143,Savings,2023-07-16
ACC01144,M01144,Savings,2022-06-10
ACC01145,M01145,Savings,2022-06-09
ACC01146,M01146,Savings,2020-09-29
ACC01147,M01147,Savings,2021-06-03
ACC01148,M01148,Savings,2020-12-19
ACC01149,M01149,Savings,2022-03-30
ACC01150,M01150,Savings,2023-03-06
ACC01151,M01151,Savings,2024-12-25
ACC01152,M01152,Savings,2025-03-18
ACC01153,M01153,Savings,2024-12-02
ACC01154,M01154,Savings,2021-12-18
ACC01155,M01155,Savings,2023-09-24
ACC01156,M01156,Savings,2020-06-11
ACC01157,M01157,Savings,2023-04-10
ACC01158,M01158,Savings,2023-10-16
ACC01159,M01159,Savings,2022-10-21
ACC01160,M01160,Savings,2020-04-20
ACC01161,M01161,Savings,2022-07-31
ACC01162,M01162,Savings,2022-11-10
ACC01163,M01163,Savings,2019-08-20
ACC01164,M01164,Savings,2021-11-08
ACC01165,M01165,Savings,2024-09-03
ACC01166,M01166,Savings,2024-03-08
ACC01167,M01167,Savings,2020-12-09
ACC01168,M01168,Savings,2024-04-10
ACC01169,M01169,Savings,2025-11-12
ACC01170,M01170,Savings,2026-04-26
ACC01171,M01171,Savings,2021-08-12
ACC01172,M01172,Savings,2025-09-13
ACC01173,M01173,Savings,2020-04-12
ACC01174,M01174,Savings,2023-08-20
ACC01175,M01175,Savings,2020-12-12
ACC01176,M01176,Savings,2021-10-22
ACC01177,M01177,Savings,2022-12-25
ACC01178,M01178,Savings,2021-02-06
ACC01179,M01179,Savings,2025-11-19
ACC01180,M01180,Savings,2024-08-14
ACC01181,M01181,Savings,2021-06-19
ACC01182,M01182,Savings,2021-07-23
ACC01183,M01183,Savings,2025-07-13
ACC01184,M01184,Savings,2025-09-13
ACC01185,M01185,Savings,2023-02-27
ACC01186,M01186,Savings,2020-04-27
ACC01187,M01187,Savings,2021-09-06
ACC01188,M01188,Savings,2024-09-15
ACC01189,M01189,Savings,2022-08-19
ACC01190,M01190,Savings,2025-06-30
ACC01191,M01191,Savings,2023-07-08
ACC01192,M01192,Savings,2020-01-14
ACC01193,M01193,Savings,2024-06-24
ACC01194,M01194,Savings,2023-09-14
ACC01195,M01195,Savings,2021-08-28
ACC01196,M01196,Savings,2025-04-01
ACC01197,M01197,Savings,2025-07-29
ACC01198,M01198,Savings,2021-06-13
ACC01199,M01199,Savings,2020-03-29
ACC01200,M01200,Savings,2021-12-14
ACC01201,M01201,Savings,2025-11-19
ACC01202,M01202,Savings,2020-12-28
ACC01203,M01203,Savings,2023-04-05
ACC01204,M01204,Savings,2022-02-09
ACC01205,M01205,Savings,2020-11-22
ACC01206,M01206,Savings,2021-01-16
ACC01207,M01207,Savings,2022-03-04
ACC01208,M01208,Savings,2019-12-12
ACC01209,M01209,Savings,2023-03-20
ACC01210,M01210,Savings,2023-10-12
ACC01211,M01211,Savings,2020-04-14
ACC01212,M01212,Savings,2025-08-28
ACC01213,M01213,Savings,2021-09-19
ACC01214,M01214,Savings,2021-10-04
ACC01215,M01215,Savings,2024-10-12
ACC01216,M01216,Savings,2024-11-27
ACC01217,M01217,Savings,2021-03-19
ACC01218,M01218,Savings,2023-09-16
ACC01219,M01219,Savings,2021-08-17
ACC01220,M01220,Savings,2024-03-01
ACC01221,M01221,Savings,2020-04-19
ACC01222,M01222,Savings,2024-05-24
ACC01223,M01223,Savings,2023-08-19
ACC01224,M01224,Savings,2023-07-22
ACC01225,M01225,Savings,2021-02-25
ACC01226,M01226,Savings,2020-07-15
ACC01227,M01227,Savings,2021-08-14
ACC01228,M01228,Savings,2023-10-17
ACC01229,M01229,Savings,2023-05-13
ACC01230,M01230,Savings,2025-01-06
ACC01231,M01231,Savings,2022-09-26
ACC01232,M01232,Savings,2025-02-19
ACC01233,M01233,Savings,2021-07-20
ACC01234,M01234,Savings,2020-09-22
ACC01235,M01235,Savings,2023-05-04
ACC01236,M01236,Savings,2019-08-01
ACC01237,M01237,Savings,2023-09-18
ACC01238,M01238,Savings,2026-04-12
ACC01239,M01239,Savings,2023-07-21
ACC01240,M01240,Savings,2024-01-03
ACC01241,M01241,Savings,2022-04-16
ACC01242,M01242,Savings,2021-08-10
ACC01243,M01243,Savings,2020-01-06
ACC01244,M01244,Savings,2020-05-31
ACC01245,M01245,Savings,2020-08-17
ACC01246,M01246,Savings,2025-02-27
ACC01247,M01247,Savings,2021-05-21
ACC01248,M01248,Savings,2021-05-31
ACC01249,M01249,Savings,2022-08-24
ACC01250,M01250,Savings,2025-06-30
ACC01251,M01251,Savings,2026-03-28
ACC01252,M01252,Savings,2025-10-20
ACC01253,M01253,Savings,2020-07-02
ACC01254,M01254,Savings,2023-01-06
ACC01255,M01255,Savings,2023-11-08
ACC01256,M01256,Savings,2026-02-15
ACC01257,M01257,Savings,2022-10-30
ACC01258,M01258,Savings,2019-11-20
ACC01259,M01259,Savings,2025-12-08
ACC01260,M01260,Savings,2023-03-28
ACC01261,M01261,Savings,2021-07-05
ACC01262,M01262,Savings,2023-04-15
ACC01263,M01263,Savings,2022-09-04
ACC01264,M01264,Savings,2023-02-16
ACC01265,M01265,Savings,2025-12-22
ACC01266,M01266,Savings,2021-09-11
ACC01267,M01267,Savings,2021-02-26
ACC01268,M01268,Savings,2024-10-24
ACC01269,M01269,Savings,2024-01-12
ACC01270,M01270,Savings,2021-06-08
ACC01271,M01271,Savings,2023-10-15
ACC01272,M01272,Savings,2020-11-13
ACC01273,M01273,Savings,2025-12-03
ACC01274,M01274,Savings,2024-05-13
ACC01275,M01275,Savings,2019-09-21
ACC01276,M01276,Savings,2026-01-22
ACC01277,M01277,Savings,2020-10-25
ACC01278,M01278,Savings,2023-01-10
ACC01279,M01279,Savings,2019-11-23
ACC01280,M01280,Savings,2019-07-03
ACC01281,M01281,Savings,2021-01-25
ACC01282,M01282,Savings,2021-11-08
ACC01283,M01283,Savings,2021-11-30
ACC01284,M01284,Savings,2024-03-26
ACC01285,M01285,Savings,2022-05-09
ACC01286,M01286,Savings,2022-07-10
ACC01287,M01287,Savings,2025-03-27
ACC01288,M01288,Savings,2026-04-09
ACC01289,M01289,Savings,2023-03-13
ACC01290,M01290,Savings,2022-01-12
ACC01291,M01291,Savings,2020-11-19
ACC01292,M01292,Savings,2023-06-01
ACC01293,M01293,Savings,2023-11-14
ACC01294,M01294,Savings,2024-01-07
ACC01295,M01295,Savings,2021-02-06
ACC01296,M01296,Savings,2024-03-11
ACC01297,M01297,Savings,2024-04-19
ACC01298,M01298,Savings,2020-06-23
ACC01299,M01299,Savings,2022-03-12
ACC01300,M01300,Savings,2019-08-15
ACC01301,M01301,Savings,2025-06-21
ACC01302,M01302,Savings,2023-05-16
ACC01303,M01303,Savings,2024-07-13
ACC01304,M01304,Savings,2023-08-14
ACC01305,M01305,Savings,2020-10-08
ACC01306,M01306,Savings,2024-12-01
ACC01307,M01307,Savings,2022-12-02
ACC01308,M01308,Savings,2020-02-23
ACC01309,M01309,Savings,2023-06-04
ACC01310,M01310,Savings,2025-06-08
ACC01311,M01311,Savings,2022-04-22
ACC01312,M01312,Savings,2025-07-08
ACC01313,M01313,Savings,2024-05-14
ACC01314,M01314,Savings,2019-12-14
ACC01315,M01315,Savings,2024-11-16
ACC01316,M01316,Savings,2023-12-26
ACC01317,M01317,Savings,2019-09-27
ACC01318,M01318,Savings,2023-05-04
ACC01319,M01319,Savings,2024-12-13
ACC01320,M01320,Savings,2022-08-27
ACC01321,M01321,Savings,2020-08-28
ACC01322,M01322,Savings,2022-01-27
ACC01323,M01323,Savings,2026-06-01
ACC01324,M01324,Savings,2022-02-04
ACC01325,M01325,Savings,2022-11-30
ACC01326,M01326,Savings,2020-01-13
ACC01327,M01327,Savings,2022-08-23
ACC01328,M01328,Savings,2020-10-01
ACC01329,M01329,Savings,2023-07-22
ACC01330,M01330,Savings,2020-06-24
ACC01331,M01331,Savings,2021-08-21
ACC01332,M01332,Savings,2022-11-18
ACC01333,M01333,Savings,2024-03-10
ACC01334,M01334,Savings,2024-07-12
ACC01335,M01335,Savings,2025-02-24
ACC01336,M01336,Savings,2020-03-08
ACC01337,M01337,Savings,2024-05-30
ACC01338,M01338,Savings,2021-07-25
ACC01339,M01339,Savings,2025-05-22
ACC01340,M01340,Savings,2022-01-05
ACC01341,M01341,Savings,2022-07-14
ACC01342,M01342,Savings,2023-05-26
ACC01343,M01343,Savings,2020-12-31
ACC01344,M01344,Savings,2023-06-28
ACC01345,M01345,Savings,2026-01-16
ACC01346,M01346,Savings,2025-09-05
ACC01347,M01347,Savings,2023-12-08
ACC01348,M01348,Savings,2024-11-15
ACC01349,M01349,Savings,2021-07-10
ACC01350,M01350,Savings,2021-08-10
ACC01351,M01351,Savings,2025-05-29
ACC01352,M01352,Savings,2020-09-25
ACC01353,M01353,Savings,2020-06-09
ACC01354,M01354,Savings,2025-08-01
ACC01355,M01355,Savings,2024-06-25
ACC01356,M01356,Savings,2022-07-02
ACC01357,M01357,Savings,2020-08-26
ACC01358,M01358,Savings,2024-04-16
ACC01359,M01359,Savings,2020-10-05
ACC01360,M01360,Savings,2026-05-28
ACC01361,M01361,Savings,2021-07-01
ACC01362,M01362,Savings,2022-11-19
ACC01363,M01363,Savings,2023-08-22
ACC01364,M01364,Savings,2021-03-02
ACC01365,M01365,Savings,2020-10-08
ACC01366,M01366,Savings,2021-07-16
ACC01367,M01367,Savings,2023-03-29
ACC01368,M01368,Savings,2025-01-28
ACC01369,M01369,Savings,2024-03-25
ACC01370,M01370,Savings,2019-07-14
ACC01371,M01371,Savings,2020-09-26
ACC01372,M01372,Savings,2025-09-07
ACC01373,M01373,Savings,2021-02-08
ACC01374,M01374,Savings,2026-01-09
ACC01375,M01375,Savings,2021-01-31
ACC01376,M01376,Savings,2024-10-08
ACC01377,M01377,Savings,2024-06-24
ACC01378,M01378,Savings,2019-11-11
ACC01379,M01379,Savings,2024-08-05
ACC01380,M01380,Savings,2022-01-19
ACC01381,M01381,Savings,2021-11-16
ACC01382,M01382,Savings,2020-05-14
ACC01383,M01383,Savings,2023-09-01
ACC01384,M01384,Savings,2023-04-07
ACC01385,M01385,Savings,2019-08-16
ACC01386,M01386,Savings,2025-11-23
ACC01387,M01387,Savings,2022-12-18
ACC01388,M01388,Savings,2023-11-19
ACC01389,M01389,Savings,2025-02-23
ACC01390,M01390,Savings,2024-11-06
ACC01391,M01391,Savings,2020-05-20
ACC01392,M01392,Savings,2021-04-22
ACC01393,M01393,Savings,2020-12-21
ACC01394,M01394,Savings,2023-11-06
ACC01395,M01395,Savings,2025-01-29
ACC01396,M01396,Savings,2020-06-24
ACC01397,M01397,Savings,2025-12-19
ACC01398,M01398,Savings,2024-06-16
ACC01399,M01399,Savings,2022-09-19
ACC01400,M01400,Savings,2023-01-07
ACC01401,M01401,Savings,2019-12-24
ACC01402,M01402,Savings,2020-09-06
ACC01403,M01403,Savings,2024-09-07
ACC01404,M01404,Savings,2021-07-10
ACC01405,M01405,Savings,2020-03-23
ACC01406,M01406,Savings,2024-08-06
ACC01407,M01407,Savings,2026-03-30
ACC01408,M01408,Savings,2021-11-15
ACC01409,M01409,Savings,2020-06-09
ACC01410,M01410,Savings,2025-05-21
ACC01411,M01411,Savings,2024-04-22
ACC01412,M01412,Savings,2024-10-31
ACC01413,M01413,Savings,2025-11-24
ACC01414,M01414,Savings,2025-12-27
ACC01415,M01415,Savings,2024-08-23
ACC01416,M01416,Savings,2019-07-18
ACC01417,M01417,Savings,2019-11-29
ACC01418,M01418,Savings,2021-12-04
ACC01419,M01419,Savings,2023-08-01
ACC01420,M01420,Savings,2024-02-22
ACC01421,M01421,Savings,2020-10-09
ACC01422,M01422,Savings,2024-05-22
ACC01423,M01423,Savings,2020-08-12
ACC01424,M01424,Savings,2020-08-30
ACC01425,M01425,Savings,2025-02-22
ACC01426,M01426,Savings,2024-08-07
ACC01427,M01427,Savings,2024-09-14
ACC01428,M01428,Savings,2022-01-05
ACC01429,M01429,Savings,2024-02-25
ACC01430,M01430,Savings,2023-09-13
ACC01431,M01431,Savings,2022-03-19
ACC01432,M01432,Savings,2025-12-24
ACC01433,M01433,Savings,2025-04-20
ACC01434,M01434,Savings,2025-12-21
ACC01435,M01435,Savings,2021-10-14
ACC01436,M01436,Savings,2025-08-06
ACC01437,M01437,Savings,2023-07-08
ACC01438,M01438,Savings,2022-04-02
ACC01439,M01439,Savings,2019-10-05
ACC01440,M01440,Savings,2020-11-16
ACC01441,M01441,Savings,2023-07-22
ACC01442,M01442,Savings,2020-05-10
ACC01443,M01443,Savings,2021-04-22
ACC01444,M01444,Savings,2019-11-08
ACC01445,M01445,Savings,2022-05-10
ACC01446,M01446,Savings,2021-03-18
ACC01447,M01447,Savings,2021-12-19
ACC01448,M01448,Savings,2023-05-30
ACC01449,M01449,Savings,2021-08-31
ACC01450,M01450,Savings,2026-02-02
ACC01451,M01451,Savings,2024-04-02
ACC01452,M01452,Savings,2021-09-28
ACC01453,M01453,Savings,2019-11-18
ACC01454,M01454,Savings,2020-10-14
ACC01455,M01455,Savings,2021-11-30
ACC01456,M01456,Savings,2019-08-16
ACC01457,M01457,Savings,2023-10-29
ACC01458,M01458,Savings,2026-04-26
ACC01459,M01459,Savings,2021-09-21
ACC01460,M01460,Savings,2020-11-22
ACC01461,M01461,Savings,2022-09-12
ACC01462,M01462,Savings,2024-01-07
ACC01463,M01463,Savings,2020-04-12
ACC01464,M01464,Savings,2023-05-19
ACC01465,M01465,Savings,2022-11-06
ACC01466,M01466,Savings,2019-10-30
ACC01467,M01467,Savings,2024-05-21
ACC01468,M01468,Savings,2020-02-03
ACC01469,M01469,Savings,2023-03-12
ACC01470,M01470,Savings,2020-11-05
ACC01471,M01471,Savings,2020-11-15
ACC01472,M01472,Savings,2024-11-30
ACC01473,M01473,Savings,2022-03-21
ACC01474,M01474,Savings,2021-11-19
ACC01475,M01475,Savings,2023-04-27
ACC01476,M01476,Savings,2024-08-04
ACC01477,M01477,Savings,2023-10-29
ACC01478,M01478,Savings,2024-03-30
ACC01479,M01479,Savings,2020-09-13
ACC01480,M01480,Savings,2025-06-15
ACC01481,M01481,Savings,2021-11-17
ACC01482,M01482,Savings,2023-08-25
ACC01483,M01483,Savings,2024-01-07
ACC01484,M01484,Savings,2020-01-23
ACC01485,M01485,Savings,2025-12-14
ACC01486,M01486,Savings,2024-01-15
ACC01487,M01487,Savings,2021-10-13
ACC01488,M01488,Savings,2025-02-22
ACC01489,M01489,Savings,2020-04-12
ACC01490,M01490,Savings,2024-04-19
ACC01491,M01491,Savings,2019-08-11
ACC01492,M01492,Savings,2024-10-19
ACC01493,M01493,Savings,2021-05-18
ACC01494,M01494,Savings,2023-06-08
ACC01495,M01495,Savings,2023-06-16
ACC01496,M01496,Savings,2025-04-29
ACC01497,M01497,Savings,2025-01-31
ACC01498,M01498,Savings,2020-07-02
ACC01499,M01499,Savings,2025-08-11
ACC01500,M01500,Savings,2023-05-31
