loan_id,member_id,amount,term_months,interest_rate,approved_by,approval_timestamp,disbursement_timestamp,status
L00001,M01294,152300.0,36,12.0,EMP0045,2025-10-28T15:55:43,2025-10-30T15:55:43,Active
L00002,M01362,97000.0,6,12.0,EMP0034,2026-05-05T12:03:27,2026-05-08T12:03:27,Active
L00003,M00989,27200.0,6,12.0,EMP0010,2026-05-06T13:30:52,2026-05-07T13:30:52,Active
L00004,M00053,177100.0,24,12.0,EMP0001,2025-08-04T16:34:54,2025-08-07T16:34:54,Active
L00005,M00286,291900.0,12,12.0,EMP0036,2025-12-16T15:58:11,2025-12-16T15:58:11,Active
L00006,M01205,162700.0,6,12.0,EMP0046,2025-12-22T16:54:50,2025-12-22T16:54:50,Active
L00007,M00901,35300.0,24,12.0,EMP0042,2026-05-12T14:11:55,2026-05-13T14:11:55,Active
L00008,M00210,50500.0,24,12.0,EMP0025,2025-12-08T08:37:15,2025-12-11T08:37:15,Active
L00009,M00165,133900.0,36,12.0,EMP0037,2026-02-27T10:19:34,2026-03-01T10:19:34,Active
L00010,M00863,187900.0,36,12.0,EMP0024,2025-11-28T11:54:35,2025-11-30T11:54:35,Active
L00011,M01107,172900.0,6,12.0,EMP0019,2026-03-02T11:39:05,2026-03-04T11:39:05,Active
L00012,M01442,185300.0,12,12.0,EMP0027,2025-10-07T11:27:38,2025-10-07T11:27:38,Active
L00013,M01415,59500.0,24,12.0,EMP0046,2025-11-07T12:56:12,2025-11-08T12:56:12,Active
L00014,M00984,254800.0,36,12.0,EMP0046,2026-03-05T09:22:56,2026-03-05T09:22:56,Active
L00015,M00268,129600.0,6,12.0,EMP0028,2026-02-13T10:10:12,2026-02-14T10:10:12,Active
L00016,M01240,252500.0,6,12.0,EMP0027,2026-05-18T10:45:45,2026-05-21T10:45:45,Active
L00017,M01360,289100.0,18,12.0,EMP0023,2026-05-28T16:09:43,2026-05-30T16:09:43,Active
L00018,M00831,73700.0,36,12.0,EMP0043,2025-09-03T13:39:03,2025-09-03T13:39:03,Active
L00019,M00113,135300.0,18,12.0,EMP0020,2025-12-08T16:55:52,2025-12-11T16:55:52,Active
L00020,M00437,255000.0,12,12.0,EMP0040,2025-10-24T16:19:06,2025-10-27T16:19:06,Active
L00021,M00463,14100.0,12,12.0,EMP0037,2026-01-13T08:42:10,2026-01-16T08:42:10,Active
L00022,M00300,12400.0,36,12.0,EMP0037,2025-07-28T08:23:57,2025-07-30T08:23:57,Active
L00023,M01121,121800.0,18,12.0,EMP0046,2026-03-26T11:01:03,2026-03-28T11:01:03,Active
L00024,M00947,35200.0,24,12.0,EMP0028,2026-04-14T15:48:27,2026-04-16T15:48:27,Active
L00025,M00594,86400.0,6,12.0,EMP0042,2026-05-05T11:20:46,2026-05-05T11:20:46,Active
L00026,M00833,85500.0,36,12.0,EMP0043,2026-01-15T13:44:46,2026-01-17T13:44:46,Active
L00027,M00285,225100.0,12,12.0,EMP0006,2025-10-03T13:50:59,2025-10-04T13:50:59,Active
L00028,M00256,99800.0,6,12.0,EMP0006,2025-11-21T13:24:56,2025-11-24T13:24:56,Active
L00029,M01469,282200.0,24,12.0,EMP0046,2025-09-26T08:38:17,2025-09-27T08:38:17,Active
L00030,M00962,231400.0,24,12.0,EMP0018,2026-01-26T08:09:07,2026-01-29T08:09:07,Active
L00031,M01378,256400.0,6,12.0,EMP0034,2025-12-10T09:39:23,2025-12-12T09:39:23,Active
L00032,M00341,99300.0,18,12.0,EMP0041,2025-09-18T09:17:28,2025-09-18T09:17:28,Active
L00033,M00909,63400.0,12,12.0,EMP0028,2026-02-18T15:12:59,2026-02-19T15:12:59,Active
L00034,M00141,266500.0,12,12.0,EMP0043,2026-05-20T14:44:14,2026-05-21T14:44:14,Active
L00035,M01357,272200.0,12,12.0,EMP0037,2025-07-24T12:35:54,2025-07-24T12:35:54,Active
L00036,M00580,216600.0,12,12.0,EMP0006,2026-01-28T10:21:13,2026-01-29T10:21:13,Active
L00037,M00019,69500.0,6,12.0,EMP0001,2025-10-17T10:09:33,2025-10-20T10:09:33,Active
L00038,M00161,207200.0,6,12.0,EMP0001,2026-04-29T14:38:00,2026-05-01T14:38:00,Active
L00039,M00795,98500.0,18,12.0,EMP0010,2026-03-27T13:52:08,2026-03-29T13:52:08,Active
L00040,M01064,16000.0,24,12.0,EMP0007,2025-09-01T08:21:00,2025-09-01T08:21:00,Active
L00041,M00110,290800.0,12,12.0,EMP0046,2026-05-13T12:21:57,2026-05-16T12:21:57,Active
L00042,M01493,219100.0,6,12.0,EMP0028,2026-02-04T09:42:33,2026-02-04T09:42:33,Active
L00043,M01350,267800.0,18,12.0,EMP0032,2025-09-09T16:50:30,2025-09-09T16:50:30,Active
L00044,M00408,269800.0,12,12.0,EMP0009,2025-12-26T09:17:05,2025-12-29T09:17:05,Active
L00045,M01124,75500.0,12,12.0,EMP0027,2025-09-29T13:23:36,2025-10-01T13:23:36,Active
L00046,M00033,12300.0,12,12.0,EMP0010,2025-08-27T09:34:28,2025-08-30T09:34:28,Active
L00047,M01390,120700.0,6,12.0,EMP0020,2026-03-13T13:18:49,2026-03-14T13:18:49,Active
L00048,M00908,129400.0,18,12.0,EMP0045,2026-04-27T15:17:23,2026-04-30T15:17:23,Active
L00049,M00808,143200.0,36,12.0,EMP0040,2026-01-13T16:37:24,2026-01-14T16:37:24,Active
L00050,M00986,198700.0,12,12.0,EMP0022,2025-09-23T08:03:49,2025-09-23T08:03:49,Active
L00051,M01443,57400.0,18,12.0,EMP0027,2025-10-29T16:43:25,2025-10-30T16:43:25,Active
L00052,M00084,35900.0,18,12.0,EMP0001,2026-03-03T08:35:56,2026-03-03T08:35:56,Active
L00053,M00230,270400.0,18,12.0,EMP0019,2025-10-21T15:32:28,2025-10-21T15:32:28,Active
L00054,M00866,271700.0,18,12.0,EMP0018,2025-07-24T14:57:16,2025-07-25T14:57:16,Active
L00055,M00995,165200.0,36,12.0,EMP0018,2026-01-12T12:09:39,2026-01-13T12:09:39,Active
L00056,M00254,232300.0,36,12.0,EMP0037,2026-02-17T13:45:30,2026-02-17T13:45:30,Active
L00057,M00054,101400.0,18,12.0,EMP0006,2026-02-18T09:12:27,2026-02-19T09:12:27,Active
L00058,M00099,267900.0,36,12.0,EMP0032,2025-11-24T12:49:30,2025-11-24T12:49:30,Active
L00059,M00977,157700.0,36,12.0,EMP0033,2025-08-19T08:32:33,2025-08-20T08:32:33,Active
L00060,M00098,28900.0,12,12.0,EMP0042,2026-05-11T08:47:59,2026-05-12T08:47:59,Active
L00061,M01351,291000.0,6,12.0,EMP0020,2025-07-08T08:06:19,2025-07-08T08:06:19,Active
L00062,M01219,128900.0,12,12.0,EMP0006,2025-07-30T11:07:07,2025-08-02T11:07:07,Active
L00063,M00751,215100.0,12,12.0,EMP0042,2025-09-11T14:58:31,2025-09-12T14:58:31,Active
L00064,M00634,11400.0,12,12.0,EMP0037,2025-08-21T11:46:48,2025-08-22T11:46:48,Active
L00065,M00409,247300.0,36,12.0,EMP0010,2025-09-26T08:02:40,2025-09-28T08:02:40,Active
L00066,M01057,77400.0,18,12.0,EMP0028,2026-02-19T15:07:27,2026-02-20T15:07:27,Active
L00067,M00332,240900.0,24,12.0,EMP0020,2025-11-10T16:32:49,2025-11-11T16:32:49,Active
L00068,M01092,31800.0,18,12.0,EMP0022,2025-11-28T08:00:06,2025-11-29T08:00:06,Active
L00069,M00741,253900.0,24,12.0,EMP0033,2025-10-21T11:33:55,2025-10-24T11:33:55,Active
L00070,M01199,267000.0,6,12.0,EMP0010,2026-01-09T09:17:39,2026-01-10T09:17:39,Active
L00071,M00596,254400.0,12,12.0,EMP0041,2026-04-10T10:08:53,2026-04-10T10:08:53,Active
L00072,M00199,26100.0,12,12.0,EMP0024,2026-03-26T13:33:36,2026-03-27T13:33:36,Active
L00073,M00380,169800.0,36,12.0,EMP0046,2025-09-19T12:25:58,2025-09-22T12:25:58,Active
L00074,M00367,185700.0,6,12.0,EMP0009,2025-11-21T11:11:37,2025-11-22T11:11:37,Active
L00075,M00939,89200.0,12,12.0,EMP0028,2026-03-13T10:59:47,2026-03-16T10:59:47,Active
L00076,M00073,122700.0,6,12.0,EMP0025,2026-05-14T13:36:19,2026-05-17T13:36:19,Active
L00077,M01175,168000.0,36,12.0,EMP0023,2026-05-14T08:26:04,2026-05-14T08:26:04,Active
L00078,M00717,148700.0,12,12.0,EMP0034,2026-03-23T16:00:20,2026-03-23T16:00:20,Active
L00079,M01488,122800.0,24,12.0,EMP0007,2025-12-10T12:46:40,2025-12-10T12:46:40,Active
L00080,M00932,272000.0,6,12.0,EMP0036,2026-02-27T11:07:22,2026-03-02T11:07:22,Active
L00081,M01102,263000.0,6,12.0,EMP0001,2025-10-03T10:27:40,2025-10-04T10:27:40,Active
L00082,M00897,166800.0,18,12.0,EMP0045,2026-01-29T11:10:50,2026-02-01T11:10:50,Active
L00083,M00399,30800.0,18,12.0,EMP0041,2026-01-28T11:39:16,2026-01-30T11:39:16,Active
L00084,M00524,242500.0,6,12.0,EMP0028,2026-05-15T09:45:00,2026-05-17T09:45:00,Active
L00085,M00801,202500.0,18,12.0,EMP0042,2025-07-23T16:30:50,2025-07-24T16:30:50,Active
L00086,M01297,112400.0,36,12.0,EMP0020,2026-05-14T13:55:45,2026-05-17T13:55:45,Active
L00087,M00746,261800.0,12,12.0,EMP0025,2026-04-23T16:17:10,2026-04-26T16:17:10,Active
L00088,M00721,195000.0,24,12.0,EMP0043,2025-10-22T15:48:48,2025-10-22T15:48:48,Active
L00089,M00641,106600.0,12,12.0,EMP0022,2025-11-17T09:12:39,2025-11-20T09:12:39,Active
L00090,M00590,85400.0,6,12.0,EMP0034,2026-01-02T14:38:45,2026-01-04T14:38:45,Active
L00091,M00454,274500.0,18,12.0,EMP0006,2025-09-11T16:47:29,2025-09-12T16:47:29,Active
L00092,M00574,74400.0,36,12.0,EMP0024,2026-03-26T14:01:17,2026-03-27T14:01:17,Active
L00093,M00183,100800.0,6,12.0,EMP0001,2025-11-12T15:00:23,2025-11-13T15:00:23,Active
L00094,M00736,34100.0,6,12.0,EMP0033,2025-12-01T09:38:46,2025-12-03T09:38:46,Active
L00095,M00237,60000.0,24,12.0,EMP0037,2026-04-27T11:49:43,2026-04-29T11:49:43,Active
L00096,M00749,221400.0,6,12.0,EMP0023,2026-04-09T10:33:47,2026-04-12T10:33:47,Active
L00097,M01019,129600.0,24,12.0,EMP0010,2026-05-05T16:54:47,2026-05-07T16:54:47,Active
L00098,M01178,248800.0,6,12.0,EMP0001,2026-03-23T09:09:45,2026-03-24T09:09:45,Active
L00099,M00515,293000.0,12,12.0,EMP0043,2025-07-10T09:25:35,2025-07-10T09:25:35,Active
L00100,M00398,138700.0,12,12.0,EMP0018,2025-11-28T13:27:39,2025-11-30T13:27:39,Active
L00101,M01034,121400.0,12,12.0,EMP0007,2025-11-25T13:30:46,2025-11-25T13:30:46,Active
L00102,M01190,43000.0,18,12.0,EMP0018,2025-10-17T09:23:38,2025-10-17T09:23:38,Active
L00103,M00492,71000.0,24,12.0,EMP0034,2026-04-23T10:10:48,2026-04-26T10:10:48,Active
L00104,M01089,165200.0,36,12.0,EMP0001,2025-07-10T15:34:06,2025-07-13T15:34:06,Active
L00105,M00847,287000.0,12,12.0,EMP0033,2026-04-09T12:24:26,2026-04-09T12:24:26,Active
L00106,M01411,61400.0,24,12.0,EMP0045,2025-09-04T09:53:21,2025-09-04T09:53:21,Active
L00107,M00800,107600.0,6,12.0,EMP0010,2026-01-16T11:39:54,2026-01-16T11:39:54,Active
L00108,M00659,37500.0,18,12.0,EMP0022,2025-08-28T12:36:33,2025-08-28T12:36:33,Active
L00109,M00262,176600.0,6,12.0,EMP0046,2025-09-05T09:13:29,2025-09-08T09:13:29,Active
L00110,M00577,14500.0,6,12.0,EMP0046,2025-09-19T15:59:03,2025-09-22T15:59:03,Active
L00111,M01101,96000.0,36,12.0,EMP0028,2025-07-21T15:36:03,2025-07-22T15:36:03,Active
L00112,M00929,98300.0,24,12.0,EMP0042,2026-04-14T11:41:00,2026-04-14T11:41:00,Active
L00113,M00112,266200.0,18,12.0,EMP0019,2025-08-12T12:52:17,2025-08-12T12:52:17,Active
L00114,M00391,98700.0,36,12.0,EMP0028,2025-08-15T15:38:17,2025-08-17T15:38:17,Active
L00115,M01267,174400.0,24,12.0,EMP0041,2026-04-07T13:28:09,2026-04-10T13:28:09,Active
L00116,M00658,20800.0,36,12.0,EMP0020,2026-04-24T12:14:33,2026-04-25T12:14:33,Active
L00117,M00544,296600.0,12,12.0,EMP0034,2025-12-16T16:11:22,2025-12-19T16:11:22,Active
L00118,M01348,180300.0,24,12.0,EMP0046,2026-02-04T15:38:46,2026-02-04T15:38:46,Active
L00119,M00382,267100.0,18,12.0,EMP0001,2025-11-05T10:23:01,2025-11-06T10:23:01,Active
L00120,M01410,181800.0,6,12.0,EMP0022,2026-04-17T11:03:59,2026-04-19T11:03:59,Active
L00121,M01127,113300.0,36,12.0,EMP0046,2025-11-04T16:50:12,2025-11-05T16:50:12,Active
L00122,M00309,217800.0,12,12.0,EMP0040,2025-09-09T14:42:45,2025-09-10T14:42:45,Active
L00123,M00350,130400.0,24,12.0,EMP0001,2025-09-16T08:25:25,2025-09-17T08:25:25,Active
L00124,M00188,132100.0,12,12.0,EMP0010,2026-04-20T12:11:40,2026-04-22T12:11:40,Active
L00125,M01022,127600.0,18,12.0,EMP0033,2026-04-22T12:40:50,2026-04-25T12:40:50,Active
L00126,M00270,249300.0,18,12.0,EMP0001,2026-04-23T08:50:57,2026-04-23T08:50:57,Active
L00127,M00143,122800.0,12,12.0,EMP0020,2026-04-01T08:18:25,2026-04-02T08:18:25,Active
L00128,M01091,149000.0,12,12.0,EMP0001,2026-05-14T14:26:21,2026-05-15T14:26:21,Active
L00129,M00413,87600.0,36,12.0,EMP0020,2026-04-07T09:20:35,2026-04-10T09:20:35,Active
L00130,M01229,38300.0,24,12.0,EMP0032,2026-01-15T14:27:08,2026-01-15T14:27:08,Active
L00131,M00776,26000.0,24,12.0,EMP0010,2025-12-25T15:09:02,2025-12-28T15:09:02,Active
L00132,M00022,166900.0,6,12.0,EMP0028,2025-09-26T08:12:07,2025-09-28T08:12:07,Active
L00133,M01230,240700.0,18,12.0,EMP0009,2026-04-02T12:08:24,2026-04-02T12:08:24,Active
L00134,M01097,45500.0,12,12.0,EMP0022,2026-01-15T11:51:35,2026-01-18T11:51:35,Active
L00135,M00959,293500.0,6,12.0,EMP0024,2025-07-30T09:21:26,2025-07-31T09:21:26,Active
L00136,M01041,254800.0,24,12.0,EMP0001,2026-01-02T15:27:33,2026-01-03T15:27:33,Active
L00137,M00421,269100.0,6,12.0,EMP0001,2026-05-20T11:48:14,2026-05-21T11:48:14,Active
L00138,M00825,143200.0,18,12.0,EMP0042,2026-03-13T16:38:11,2026-03-13T16:38:11,Active
L00139,M01131,195800.0,12,12.0,EMP0018,2026-02-04T09:23:12,2026-02-04T09:23:12,Active
L00140,M00405,33700.0,36,12.0,EMP0009,2025-10-13T16:51:26,2025-10-15T16:51:26,Active
L00141,M00442,94500.0,24,12.0,EMP0034,2025-11-03T16:32:43,2025-11-03T16:32:43,Active
L00142,M00632,146600.0,18,12.0,EMP0023,2026-03-18T12:55:10,2026-03-18T12:55:10,Active
L00143,M01087,197900.0,36,12.0,EMP0041,2026-01-07T16:08:56,2026-01-09T16:08:56,Active
L00144,M00674,161900.0,6,12.0,EMP0042,2026-04-17T08:02:51,2026-04-19T08:02:51,Active
L00145,M00083,104600.0,6,12.0,EMP0027,2026-01-23T14:51:13,2026-01-25T14:51:13,Active
L00146,M00122,41500.0,12,12.0,EMP0001,2025-07-02T14:18:29,2025-07-04T14:18:29,Active
L00147,M00105,276600.0,24,12.0,EMP0018,2026-04-16T16:12:44,2026-04-19T16:12:44,Active
L00148,M00554,65900.0,36,12.0,EMP0019,2026-05-07T14:24:39,2026-05-07T14:24:39,Active
L00149,M01048,107000.0,18,12.0,EMP0010,2025-08-08T09:15:56,2025-08-10T09:15:56,Active
L00150,M00435,151500.0,18,12.0,EMP0036,2025-10-01T11:43:16,2025-10-04T11:43:16,Active
L00151,M01308,237600.0,36,12.0,EMP0024,2025-08-05T16:24:49,2025-08-08T16:24:49,Active
L00152,M00701,124800.0,36,12.0,EMP0041,2025-09-01T11:59:36,2025-09-04T11:59:36,Active
L00153,M00050,193700.0,24,12.0,EMP0046,2026-05-14T12:27:26,2026-05-15T12:27:26,Active
L00154,M00679,97200.0,24,12.0,EMP0041,2026-04-21T12:52:37,2026-04-21T12:52:37,Active
L00155,M00757,36100.0,6,12.0,EMP0037,2026-05-08T16:01:11,2026-05-09T16:01:11,Active
L00156,M01155,140800.0,12,12.0,EMP0045,2025-07-02T16:18:36,2025-07-03T16:18:36,Active
L00157,M00490,196600.0,36,12.0,EMP0023,2025-08-12T09:21:23,2025-08-14T09:21:23,Active
L00158,M00848,217500.0,36,12.0,EMP0041,2026-05-29T15:31:08,2026-05-31T15:31:08,Active
L00159,M00537,298000.0,36,12.0,EMP0036,2026-02-09T12:23:19,2026-02-09T12:23:19,Active
L00160,M00665,242000.0,6,12.0,EMP0042,2026-01-29T08:35:53,2026-01-29T08:35:53,Active
L00161,M01477,27100.0,12,12.0,EMP0019,2025-07-29T12:26:55,2025-08-01T12:26:55,Active
L00162,M00102,153500.0,12,12.0,EMP0032,2025-08-26T14:57:33,2025-08-29T14:57:33,Active
L00163,M00264,14800.0,6,12.0,EMP0034,2025-11-12T10:00:25,2025-11-13T10:00:25,Active
L00164,M01260,171700.0,24,12.0,EMP0040,2025-09-18T15:42:56,2025-09-18T15:42:56,Active
L00165,M01445,24700.0,24,12.0,EMP0028,2026-04-20T08:23:26,2026-04-20T08:23:26,Active
L00166,M01450,179600.0,36,12.0,EMP0032,2026-04-27T08:40:59,2026-04-30T08:40:59,Active
L00167,M01160,219900.0,18,12.0,EMP0023,2026-02-27T14:29:48,2026-02-27T14:29:48,Active
L00168,M00662,100300.0,36,12.0,EMP0001,2025-12-11T13:15:52,2025-12-13T13:15:52,Active
L00169,M01420,43000.0,36,12.0,EMP0027,2026-01-23T14:27:26,2026-01-25T14:27:26,Active
L00170,M00329,290300.0,24,12.0,EMP0045,2025-09-25T12:22:23,2025-09-28T12:22:23,Active
L00171,M00078,180900.0,12,12.0,EMP0033,2026-02-02T16:06:50,2026-02-05T16:06:50,Active
L00172,M00501,297900.0,6,12.0,EMP0045,2025-08-29T16:21:39,2025-08-29T16:21:39,Active
L00173,M00088,221400.0,12,12.0,EMP0034,2026-02-13T11:50:33,2026-02-15T11:50:33,Active
L00174,M00835,278100.0,24,12.0,EMP0010,2026-04-15T08:55:41,2026-04-17T08:55:41,Active
L00175,M01292,257000.0,36,12.0,EMP0028,2026-01-23T11:41:28,2026-01-25T11:41:28,Active
L00176,M00272,142200.0,12,12.0,EMP0034,2026-03-31T13:33:02,2026-04-03T13:33:02,Active
L00177,M00031,187200.0,6,12.0,EMP0037,2025-11-04T11:30:40,2025-11-07T11:30:40,Active
L00178,M01328,246800.0,6,12.0,EMP0043,2026-03-10T15:52:35,2026-03-11T15:52:35,Active
L00179,M01316,91400.0,6,12.0,EMP0041,2026-01-01T13:16:04,2026-01-02T13:16:04,Active
L00180,M00307,136000.0,36,12.0,EMP0042,2025-12-05T11:01:15,2025-12-08T11:01:15,Active
L00181,M00698,150900.0,24,12.0,EMP0023,2025-08-19T15:26:17,2025-08-21T15:26:17,Active
L00182,M00976,17400.0,36,12.0,EMP0045,2026-03-30T12:53:36,2026-04-01T12:53:36,Active
L00183,M00464,33100.0,12,12.0,EMP0010,2025-07-01T16:59:32,2025-07-01T16:59:32,Active
L00184,M00328,153700.0,6,12.0,EMP0023,2026-01-20T13:20:01,2026-01-21T13:20:01,Active
L00185,M01170,284600.0,6,12.0,EMP0033,2026-05-13T11:56:58,2026-05-14T11:56:58,Active
L00186,M00242,239100.0,36,12.0,EMP0024,2025-10-29T12:04:29,2025-10-31T12:04:29,Active
L00187,M00337,234500.0,24,12.0,EMP0001,2026-01-22T10:54:55,2026-01-23T10:54:55,Active
L00188,M01385,252100.0,36,12.0,EMP0033,2025-10-27T12:14:04,2025-10-30T12:14:04,Active
L00189,M00878,16600.0,12,12.0,EMP0041,2025-09-25T11:24:21,2025-09-25T11:24:21,Active
L00190,M00315,222700.0,36,12.0,EMP0046,2026-02-16T09:24:24,2026-02-17T09:24:24,Active
L00191,M01176,257700.0,18,12.0,EMP0043,2026-01-09T08:50:52,2026-01-12T08:50:52,Active
L00192,M01060,112100.0,36,12.0,EMP0006,2025-07-01T09:37:05,2025-07-03T09:37:05,Active
L00193,M00813,156900.0,6,12.0,EMP0032,2026-05-22T12:37:26,2026-05-23T12:37:26,Active
L00194,M01425,130300.0,24,12.0,EMP0027,2025-10-14T08:05:20,2025-10-17T08:05:20,Active
L00195,M00642,253000.0,24,12.0,EMP0034,2026-01-07T09:46:18,2026-01-07T09:46:18,Active
L00196,M01066,101800.0,36,12.0,EMP0036,2025-09-22T12:59:04,2025-09-22T12:59:04,Active
L00197,M00849,208200.0,12,12.0,EMP0006,2026-03-31T15:47:41,2026-04-01T15:47:41,Active
L00198,M00120,30900.0,6,12.0,EMP0042,2025-08-12T15:44:08,2025-08-13T15:44:08,Active
L00199,M00510,26200.0,36,12.0,EMP0042,2025-09-03T08:52:54,2025-09-04T08:52:54,Active
L00200,M01434,251200.0,24,12.0,EMP0034,2026-02-10T15:40:25,2026-02-10T15:40:25,Active
L00201,M01128,93800.0,18,12.0,EMP0001,2026-03-10T14:51:06,2026-03-12T14:51:06,Active
L00202,M01374,190900.0,18,12.0,EMP0007,2026-04-10T09:12:47,2026-04-10T09:12:47,Active
L00203,M00920,205700.0,6,12.0,EMP0018,2025-10-01T15:54:45,2025-10-01T15:54:45,Active
L00204,M00021,82500.0,6,12.0,EMP0019,2025-12-26T10:01:31,2025-12-26T10:01:31,Active
L00205,M01485,232400.0,24,12.0,EMP0001,2026-05-11T10:23:24,2026-05-13T10:23:24,Active
L00206,M00549,214700.0,6,12.0,EMP0010,2025-08-08T15:44:31,2025-08-08T15:44:31,Active
L00207,M00318,180200.0,6,12.0,EMP0028,2025-11-18T15:13:59,2025-11-21T15:13:59,Active
L00208,M01162,51100.0,18,12.0,EMP0041,2025-12-29T10:22:58,2025-12-29T10:22:58,Active
L00209,M01213,284400.0,18,12.0,EMP0037,2025-12-24T09:40:24,2025-12-27T09:40:24,Active
L00210,M00214,181100.0,36,12.0,EMP0009,2025-12-19T13:41:07,2025-12-22T13:41:07,Active
L00211,M00814,165900.0,12,12.0,EMP0045,2026-05-21T15:59:50,2026-05-22T15:59:50,Active
L00212,M01371,111900.0,24,12.0,EMP0046,2025-10-16T15:10:36,2025-10-17T15:10:36,Active
L00213,M00528,102200.0,36,12.0,EMP0041,2026-01-12T12:36:32,2026-01-12T12:36:32,Active
L00214,M00558,136400.0,6,12.0,EMP0018,2025-09-29T10:18:13,2025-09-30T10:18:13,Active
L00215,M01345,96100.0,36,12.0,EMP0034,2026-02-20T11:43:23,2026-02-21T11:43:23,Active
L00216,M01163,261600.0,12,12.0,EMP0034,2025-08-05T14:31:41,2025-08-08T14:31:41,Active
L00217,M00723,57400.0,6,12.0,EMP0007,2025-10-30T10:01:52,2025-11-01T10:01:52,Active
L00218,M00184,32900.0,36,12.0,EMP0001,2025-10-29T10:42:15,2025-10-31T10:42:15,Active
L00219,M00843,70400.0,24,12.0,EMP0041,2025-10-09T14:54:26,2025-10-10T14:54:26,Active
L00220,M00541,270100.0,36,12.0,EMP0034,2026-02-04T14:02:10,2026-02-04T14:02:10,Active
L00221,M01197,122900.0,24,12.0,EMP0045,2026-01-06T13:44:43,2026-01-06T13:44:43,Active
L00222,M01210,209800.0,12,12.0,EMP0042,2025-07-11T16:37:11,2025-07-13T16:37:11,Active
L00223,M00068,16600.0,6,12.0,EMP0028,2026-03-31T09:53:20,2026-03-31T09:53:20,Active
L00224,M00416,24600.0,36,12.0,EMP0045,2026-03-06T14:58:56,2026-03-06T14:58:56,Active
L00225,M00764,271100.0,12,12.0,EMP0019,2025-10-30T13:22:03,2025-10-30T13:22:03,Active
L00226,M00978,36100.0,36,12.0,EMP0046,2026-02-25T10:49:32,2026-02-26T10:49:32,Active
L00227,M00373,156900.0,36,12.0,EMP0007,2026-01-21T08:23:24,2026-01-23T08:23:24,Active
L00228,M01151,85500.0,12,12.0,EMP0046,2025-10-14T08:06:47,2025-10-16T08:06:47,Active
L00229,M01115,55000.0,12,12.0,EMP0010,2025-12-11T09:21:27,2025-12-13T09:21:27,Active
L00230,M00561,104500.0,12,12.0,EMP0034,2026-03-02T10:18:16,2026-03-03T10:18:16,Active
L00231,M00631,119100.0,6,12.0,EMP0028,2025-10-22T15:23:14,2025-10-24T15:23:14,Active
L00232,M00037,184600.0,18,12.0,EMP0019,2025-08-13T11:56:18,2025-08-13T11:56:18,Active
L00233,M00834,26800.0,6,12.0,EMP0024,2025-08-18T16:28:53,2025-08-21T16:28:53,Active
L00234,M00155,33500.0,36,12.0,EMP0041,2025-10-10T08:42:31,2025-10-12T08:42:31,Active
L00235,M01236,92000.0,18,12.0,EMP0009,2026-01-07T16:11:50,2026-01-07T16:11:50,Active
L00236,M00138,298500.0,12,12.0,EMP0034,2025-10-03T15:19:05,2025-10-05T15:19:05,Active
L00237,M00924,15400.0,12,12.0,EMP0037,2025-10-13T11:59:42,2025-10-14T11:59:42,Active
L00238,M01116,109300.0,18,12.0,EMP0032,2026-01-16T09:17:27,2026-01-17T09:17:27,Active
L00239,M01037,35500.0,24,12.0,EMP0037,2026-03-03T12:14:47,2026-03-03T12:14:47,Active
L00240,M00402,11300.0,24,12.0,EMP0009,2026-05-11T09:40:26,2026-05-13T09:40:26,Active
L00241,M01017,109300.0,18,12.0,EMP0036,2026-01-16T12:16:24,2026-01-19T12:16:24,Active
L00242,M00573,296200.0,6,12.0,EMP0010,2026-03-04T08:26:59,2026-03-04T08:26:59,Active
L00243,M01203,10400.0,12,12.0,EMP0010,2026-05-07T10:08:53,2026-05-08T10:08:53,Active
L00244,M00973,93600.0,24,12.0,EMP0001,2026-04-20T12:19:00,2026-04-22T12:19:00,Active
L00245,M00724,255000.0,12,12.0,EMP0033,2026-01-27T12:51:00,2026-01-29T12:51:00,Active
L00246,M00680,47800.0,24,12.0,EMP0018,2025-08-13T13:48:12,2025-08-16T13:48:12,Active
L00247,M00020,216500.0,12,12.0,EMP0028,2025-09-09T16:58:45,2025-09-11T16:58:45,Active
L00248,M00781,28600.0,24,12.0,EMP0037,2026-05-15T10:18:30,2026-05-17T10:18:30,Active
L00249,M00548,235700.0,12,12.0,EMP0042,2026-03-11T09:13:59,2026-03-11T09:13:59,Active
L00250,M00779,230400.0,6,12.0,EMP0007,2025-08-22T14:03:42,2025-08-25T14:03:42,Active
L00251,M00525,119200.0,18,12.0,EMP0040,2025-12-16T15:21:19,2025-12-18T15:21:19,Active
L00252,M01397,295000.0,18,12.0,EMP0033,2026-01-01T13:37:30,2026-01-02T13:37:30,Active
L00253,M00815,59200.0,36,12.0,EMP0037,2026-05-20T14:33:29,2026-05-23T14:33:29,Active
L00254,M00682,234100.0,18,12.0,EMP0028,2026-04-20T13:32:03,2026-04-21T13:32:03,Active
L00255,M00969,150500.0,18,12.0,EMP0042,2025-10-06T08:03:14,2025-10-08T08:03:14,Active
L00256,M01072,274800.0,18,12.0,EMP0022,2025-07-18T09:47:24,2025-07-20T09:47:24,Active
L00257,M01398,248700.0,24,12.0,EMP0041,2025-08-12T09:03:56,2025-08-13T09:03:56,Active
L00258,M00516,34600.0,6,12.0,EMP0037,2025-07-21T09:17:38,2025-07-21T09:17:38,Active
L00259,M00809,134100.0,36,12.0,EMP0027,2026-04-10T09:27:39,2026-04-11T09:27:39,Active
L00260,M00716,196100.0,24,12.0,EMP0036,2026-03-31T13:24:22,2026-04-03T13:24:22,Active
L00261,M00646,287600.0,6,12.0,EMP0023,2025-08-14T11:38:42,2025-08-15T11:38:42,Active
L00262,M00257,82100.0,24,12.0,EMP0034,2026-04-09T08:13:40,2026-04-12T08:13:40,Active
L00263,M01056,64400.0,24,12.0,EMP0010,2026-01-19T09:43:05,2026-01-21T09:43:05,Active
L00264,M00985,61900.0,18,12.0,EMP0046,2025-07-08T10:38:26,2025-07-08T10:38:26,Active
L00265,M00191,33400.0,18,12.0,EMP0028,2025-09-08T13:38:18,2025-09-08T13:38:18,Active
L00266,M00128,145500.0,18,12.0,EMP0020,2026-05-22T16:01:43,2026-05-25T16:01:43,Active
L00267,M00587,42400.0,6,12.0,EMP0032,2025-08-14T08:12:49,2025-08-16T08:12:49,Active
L00268,M00419,44900.0,12,12.0,EMP0041,2026-04-10T10:00:42,2026-04-12T10:00:42,Active
L00269,M00543,190800.0,18,12.0,EMP0001,2026-04-27T14:02:02,2026-04-29T14:02:02,Active
L00270,M01432,283200.0,12,12.0,EMP0046,2026-05-20T11:36:43,2026-05-20T11:36:43,Active
L00271,M01335,178800.0,18,12.0,EMP0028,2026-01-16T13:54:24,2026-01-19T13:54:24,Active
L00272,M00045,62900.0,36,12.0,EMP0041,2025-10-16T08:50:39,2025-10-16T08:50:39,Active
L00273,M00314,38600.0,24,12.0,EMP0022,2025-09-02T13:01:11,2025-09-04T13:01:11,Active
L00274,M00074,180300.0,12,12.0,EMP0034,2025-07-24T13:35:28,2025-07-24T13:35:28,Active
L00275,M00618,57500.0,24,12.0,EMP0042,2025-09-23T15:50:29,2025-09-25T15:50:29,Active
L00276,M00671,141700.0,36,12.0,EMP0009,2026-02-23T12:48:03,2026-02-24T12:48:03,Active
L00277,M00771,134600.0,12,12.0,EMP0045,2026-02-23T08:47:44,2026-02-26T08:47:44,Active
L00278,M00219,109200.0,12,12.0,EMP0034,2026-03-31T09:50:00,2026-04-01T09:50:00,Active
L00279,M00666,83200.0,24,12.0,EMP0010,2026-05-15T09:50:53,2026-05-16T09:50:53,Active
L00280,M00139,199300.0,6,12.0,EMP0028,2026-02-05T10:10:25,2026-02-05T10:10:25,Active
L00281,M00955,269400.0,24,12.0,EMP0034,2025-07-22T15:48:32,2025-07-22T15:48:32,Active
L00282,M00876,262400.0,18,12.0,EMP0037,2026-05-04T13:59:32,2026-05-06T13:59:32,Active
L00283,M01356,82000.0,6,12.0,EMP0037,2026-04-28T15:22:09,2026-04-28T15:22:09,Active
L00284,M01301,92900.0,36,12.0,EMP0028,2026-02-10T10:45:20,2026-02-12T10:45:20,Active
L00285,M01146,33500.0,12,12.0,EMP0045,2025-10-24T09:33:40,2025-10-27T09:33:40,Active
L00286,M01169,176100.0,12,12.0,EMP0001,2026-04-28T12:45:00,2026-04-29T12:45:00,Active
L00287,M00887,157200.0,6,12.0,EMP0036,2026-01-07T16:55:29,2026-01-09T16:55:29,Active
L00288,M00306,261800.0,6,12.0,EMP0001,2026-05-15T09:06:24,2026-05-18T09:06:24,Active
L00289,M00568,70000.0,18,12.0,EMP0009,2025-12-09T12:09:57,2025-12-09T12:09:57,Active
L00290,M01381,153700.0,18,12.0,EMP0037,2026-05-07T16:11:40,2026-05-09T16:11:40,Active
L00291,M00663,100400.0,24,12.0,EMP0009,2026-03-24T11:25:37,2026-03-24T11:25:37,Active
L00292,M01429,234800.0,6,12.0,EMP0045,2026-05-06T15:03:49,2026-05-06T15:03:49,Active
L00293,M01010,220900.0,36,12.0,EMP0045,2025-09-17T08:29:58,2025-09-18T08:29:58,Active
L00294,M00296,263400.0,36,12.0,EMP0001,2026-02-12T15:19:46,2026-02-12T15:19:46,Active
L00295,M00592,52500.0,12,12.0,EMP0007,2025-10-02T08:07:10,2025-10-05T08:07:10,Active
L00296,M00895,57700.0,36,12.0,EMP0028,2025-12-19T12:11:42,2025-12-21T12:11:42,Active
L00297,M00903,295700.0,12,12.0,EMP0022,2026-03-04T08:36:35,2026-03-05T08:36:35,Active
L00298,M00353,192900.0,6,12.0,EMP0037,2025-11-27T14:57:45,2025-11-27T14:57:45,Active
L00299,M01321,238900.0,18,12.0,EMP0036,2026-03-24T12:18:12,2026-03-25T12:18:12,Active
L00300,M00148,173800.0,24,12.0,EMP0042,2025-10-15T08:05:50,2025-10-16T08:05:50,Active
L00301,M00759,216200.0,12,12.0,EMP0007,2026-05-08T10:32:32,2026-05-08T10:32:32,Active
L00302,M00807,203900.0,12,12.0,EMP0033,2025-12-12T09:12:44,2025-12-12T09:12:44,Active
L00303,M00115,28500.0,18,12.0,EMP0024,2025-12-22T15:33:34,2025-12-25T15:33:34,Active
L00304,M01327,16600.0,18,12.0,EMP0024,2026-02-06T09:03:34,2026-02-08T09:03:34,Active
L00305,M00737,104400.0,6,12.0,EMP0027,2026-05-01T15:04:58,2026-05-01T15:04:58,Active
L00306,M00643,44900.0,18,12.0,EMP0041,2026-05-08T13:46:34,2026-05-09T13:46:34,Active
L00307,M00693,81500.0,24,12.0,EMP0034,2025-10-30T10:54:12,2025-10-31T10:54:12,Active
L00308,M00709,88100.0,12,12.0,EMP0010,2026-04-30T12:54:21,2026-05-03T12:54:21,Active
L00309,M00397,153700.0,12,12.0,EMP0025,2025-11-10T14:45:03,2025-11-13T14:45:03,Active
L00310,M00066,197500.0,24,12.0,EMP0033,2025-11-06T16:57:02,2025-11-07T16:57:02,Active
L00311,M00844,295400.0,18,12.0,EMP0042,2025-08-13T13:43:35,2025-08-13T13:43:35,Active
L00312,M00553,27500.0,18,12.0,EMP0046,2026-04-30T13:20:55,2026-05-01T13:20:55,Active
L00313,M01055,44200.0,6,12.0,EMP0037,2025-11-19T12:59:00,2025-11-20T12:59:00,Active
L00314,M01463,202600.0,12,12.0,EMP0001,2026-03-05T12:10:53,2026-03-06T12:10:53,Active
L00315,M00719,143600.0,12,12.0,EMP0028,2025-12-03T13:47:30,2025-12-06T13:47:30,Active
L00316,M01171,115900.0,12,12.0,EMP0023,2025-08-25T15:39:01,2025-08-27T15:39:01,Active
L00317,M00842,140100.0,12,12.0,EMP0027,2025-11-04T16:09:24,2025-11-07T16:09:24,Active
L00318,M00867,273600.0,36,12.0,EMP0007,2025-09-15T14:44:13,2025-09-17T14:44:13,Active
L00319,M00660,280900.0,6,12.0,EMP0036,2025-07-24T08:26:16,2025-07-25T08:26:16,Active
L00320,M00563,208500.0,12,12.0,EMP0042,2025-12-26T11:29:01,2025-12-27T11:29:01,Active
L00321,M00852,132300.0,36,12.0,EMP0040,2026-05-19T15:30:13,2026-05-22T15:30:13,Active
L00322,M00443,58100.0,12,12.0,EMP0010,2025-08-14T09:55:00,2025-08-17T09:55:00,Active
L00323,M01028,299400.0,24,12.0,EMP0043,2026-03-19T09:42:12,2026-03-21T09:42:12,Active
L00324,M00871,22400.0,18,12.0,EMP0022,2026-01-15T11:46:10,2026-01-18T11:46:10,Active
L00325,M01419,110500.0,36,12.0,EMP0042,2025-11-11T12:31:50,2025-11-11T12:31:50,Active
L00326,M01044,249000.0,36,12.0,EMP0028,2025-08-04T10:16:50,2025-08-05T10:16:50,Active
L00327,M00478,85500.0,24,12.0,EMP0034,2025-09-19T16:29:44,2025-09-22T16:29:44,Active
L00328,M00345,89000.0,24,12.0,EMP0009,2026-01-19T13:45:07,2026-01-21T13:45:07,Active
L00329,M01244,119200.0,6,12.0,EMP0033,2026-03-20T09:49:09,2026-03-21T09:49:09,Active
L00330,M01058,23400.0,36,12.0,EMP0034,2025-08-28T14:23:34,2025-08-30T14:23:34,Active
L00331,M00518,33800.0,36,12.0,EMP0024,2026-04-16T09:42:58,2026-04-19T09:42:58,Active
L00332,M01278,158100.0,36,12.0,EMP0041,2025-08-06T08:32:15,2025-08-06T08:32:15,Active
L00333,M00484,257100.0,12,12.0,EMP0033,2025-07-18T12:22:40,2025-07-20T12:22:40,Active
L00334,M01222,275200.0,36,12.0,EMP0010,2025-08-08T15:53:23,2025-08-10T15:53:23,Active
L00335,M00392,131600.0,36,12.0,EMP0041,2025-10-20T08:04:18,2025-10-22T08:04:18,Active
L00336,M00884,172100.0,36,12.0,EMP0028,2025-12-30T13:17:02,2026-01-02T13:17:02,Active
L00337,M01401,170100.0,12,12.0,EMP0045,2026-03-05T15:15:01,2026-03-08T15:15:01,Active
L00338,M01393,134600.0,12,12.0,EMP0040,2026-04-17T11:38:19,2026-04-17T11:38:19,Active
L00339,M00260,76800.0,6,12.0,EMP0032,2026-01-14T10:49:41,2026-01-14T10:49:41,Active
L00340,M00845,166500.0,36,12.0,EMP0009,2025-12-19T15:09:49,2025-12-22T15:09:49,Active
L00341,M00921,110900.0,24,12.0,EMP0046,2025-11-20T13:05:16,2025-11-20T13:05:16,Active
L00342,M00374,64400.0,36,12.0,EMP0036,2025-07-25T08:04:02,2025-07-27T08:04:02,Active
L00343,M00931,79900.0,24,12.0,EMP0028,2026-01-30T08:21:57,2026-02-01T08:21:57,Active
L00344,M00798,143400.0,18,12.0,EMP0042,2026-04-07T09:15:20,2026-04-10T09:15:20,Active
L00345,M00669,233300.0,36,12.0,EMP0036,2025-11-25T08:16:30,2025-11-28T08:16:30,Active
L00346,M01132,227900.0,18,12.0,EMP0042,2026-01-05T09:46:48,2026-01-07T09:46:48,Active
L00347,M00688,182800.0,24,12.0,EMP0028,2025-12-12T10:09:43,2025-12-12T10:09:43,Active
L00348,M00628,229900.0,12,12.0,EMP0024,2026-01-29T16:45:20,2026-01-29T16:45:20,Active
L00349,M00877,57000.0,18,12.0,EMP0043,2026-02-12T12:25:16,2026-02-12T12:25:16,Active
L00350,M01255,285500.0,18,12.0,EMP0010,2025-12-01T12:54:01,2025-12-01T12:54:01,Active
L00351,M01136,258500.0,24,12.0,EMP0028,2026-02-23T11:23:24,2026-02-25T11:23:24,Active
L00352,M01487,226300.0,12,12.0,EMP0009,2025-09-08T15:24:42,2025-09-09T15:24:42,Active
L00353,M00434,93800.0,12,12.0,EMP0019,2026-05-15T16:05:57,2026-05-17T16:05:57,Active
L00354,M00092,273100.0,36,12.0,EMP0034,2025-10-30T09:33:02,2025-10-30T09:33:02,Active
L00355,M01080,270700.0,6,12.0,EMP0045,2025-10-08T13:21:16,2025-10-09T13:21:16,Active
L00356,M00700,184700.0,6,12.0,EMP0043,2026-03-18T11:04:48,2026-03-20T11:04:48,Active
L00357,M00223,118900.0,12,12.0,EMP0006,2025-09-30T09:47:33,2025-10-03T09:47:33,Active
L00358,M00469,31500.0,6,12.0,EMP0028,2025-09-29T14:06:31,2025-09-29T14:06:31,Active
L00359,M00994,108400.0,24,12.0,EMP0034,2026-05-05T12:37:21,2026-05-06T12:37:21,Active
L00360,M01474,20300.0,12,12.0,EMP0001,2025-12-17T14:53:04,2025-12-18T14:53:04,Active
L00361,M01453,147500.0,36,12.0,EMP0045,2026-02-05T10:18:02,2026-02-05T10:18:02,Active
L00362,M00529,24300.0,12,12.0,EMP0046,2026-01-08T15:07:42,2026-01-11T15:07:42,Active
L00363,M01045,140700.0,18,12.0,EMP0006,2026-04-03T10:29:35,2026-04-03T10:29:35,Active
L00364,M00840,261600.0,12,12.0,EMP0007,2025-12-12T14:29:29,2025-12-13T14:29:29,Active
L00365,M00956,266300.0,24,12.0,EMP0007,2026-01-13T11:52:05,2026-01-13T11:52:05,Active
L00366,M01336,245700.0,36,12.0,EMP0032,2025-07-02T13:35:12,2025-07-04T13:35:12,Active
L00367,M01320,170000.0,18,12.0,EMP0010,2026-03-20T15:47:50,2026-03-21T15:47:50,Active
L00368,M01304,210000.0,24,12.0,EMP0036,2025-08-06T12:38:19,2025-08-06T12:38:19,Active
L00369,M00288,53500.0,6,12.0,EMP0001,2026-04-22T09:04:25,2026-04-24T09:04:25,Active
L00370,M00446,55200.0,24,12.0,EMP0001,2026-02-05T10:12:04,2026-02-08T10:12:04,Active
L00371,M00444,229000.0,6,12.0,EMP0046,2025-10-16T11:51:54,2025-10-19T11:51:54,Active
L00372,M00569,247000.0,24,12.0,EMP0009,2025-08-21T11:29:47,2025-08-21T11:29:47,Active
L00373,M00949,240800.0,12,12.0,EMP0042,2025-11-26T11:46:14,2025-11-26T11:46:14,Active
L00374,M01288,293600.0,18,12.0,EMP0001,2026-04-27T09:03:17,2026-04-29T09:03:17,Active
L00375,M00035,258500.0,12,12.0,EMP0045,2026-04-09T14:47:17,2026-04-09T14:47:17,Active
L00376,M00769,287900.0,18,12.0,EMP0001,2026-01-08T08:23:57,2026-01-11T08:23:57,Active
L00377,M00162,104800.0,24,12.0,EMP0028,2026-05-08T08:57:26,2026-05-10T08:57:26,Active
L00378,M00384,22200.0,24,12.0,EMP0009,2025-11-05T12:35:23,2025-11-07T12:35:23,Active
L00379,M00002,286900.0,18,12.0,EMP0018,2025-10-30T12:48:44,2025-10-31T12:48:44,Active
L00380,M00369,30800.0,24,12.0,EMP0023,2025-12-24T09:52:20,2025-12-24T09:52:20,Active
L00381,M00546,50500.0,24,12.0,EMP0023,2026-03-26T11:19:03,2026-03-27T11:19:03,Active
L00382,M01125,151400.0,36,12.0,EMP0041,2026-04-28T08:44:37,2026-04-28T08:44:37,Active
L00383,M00754,166700.0,12,12.0,EMP0009,2025-11-27T10:48:14,2025-11-27T10:48:14,Active
L00384,M00928,98800.0,12,12.0,EMP0025,2025-11-26T11:48:40,2025-11-28T11:48:40,Active
L00385,M01382,159800.0,18,12.0,EMP0043,2025-10-07T15:11:37,2025-10-07T15:11:37,Active
L00386,M00861,292800.0,36,12.0,EMP0041,2025-09-30T14:54:37,2025-10-02T14:54:37,Active
L00387,M01421,62700.0,24,12.0,EMP0019,2026-05-21T11:21:16,2026-05-24T11:21:16,Active
L00388,M00152,222300.0,6,12.0,EMP0032,2025-07-04T14:50:20,2025-07-04T14:50:20,Active
L00389,M00358,150300.0,24,12.0,EMP0028,2025-11-05T08:00:47,2025-11-06T08:00:47,Active
L00390,M00032,146800.0,36,12.0,EMP0022,2026-01-09T13:44:14,2026-01-12T13:44:14,Active
L00391,M01363,205900.0,24,12.0,EMP0027,2025-08-05T12:33:23,2025-08-07T12:33:23,Active
L00392,M00170,279000.0,24,12.0,EMP0041,2026-04-16T14:28:38,2026-04-17T14:28:38,Active
L00393,M01284,18100.0,12,12.0,EMP0037,2025-09-10T10:29:11,2025-09-12T10:29:11,Active
L00394,M01287,32100.0,18,12.0,EMP0034,2026-01-26T15:31:57,2026-01-29T15:31:57,Active
L00395,M00028,183500.0,24,12.0,EMP0040,2025-07-15T10:41:06,2025-07-16T10:41:06,Active
L00396,M00117,144000.0,18,12.0,EMP0034,2026-01-28T11:58:56,2026-01-30T11:58:56,Active
L00397,M00694,74800.0,6,12.0,EMP0028,2025-07-08T13:16:27,2025-07-08T13:16:27,Active
L00398,M00948,219500.0,6,12.0,EMP0025,2025-10-22T14:17:36,2025-10-25T14:17:36,Active
L00399,M01279,193800.0,18,12.0,EMP0028,2025-12-25T16:05:02,2025-12-25T16:05:02,Active
L00400,M00322,83400.0,18,12.0,EMP0043,2026-03-09T12:29:26,2026-03-10T12:29:26,Active
L00401,M01029,271000.0,18,12.0,EMP0007,2026-05-11T16:37:10,2026-05-13T16:37:10,Active
L00402,M00438,128200.0,12,12.0,EMP0023,2026-05-11T11:58:11,2026-05-14T11:58:11,Active
L00403,M00174,100400.0,18,12.0,EMP0018,2026-01-20T14:01:42,2026-01-21T14:01:42,Active
L00404,M00953,96500.0,24,12.0,EMP0019,2026-04-17T16:31:52,2026-04-17T16:31:52,Active
L00405,M01071,19600.0,36,12.0,EMP0045,2025-11-03T10:51:53,2025-11-03T10:51:53,Active
L00406,M01259,49900.0,24,12.0,EMP0037,2026-02-18T10:03:30,2026-02-18T10:03:30,Active
L00407,M00477,226500.0,24,12.0,EMP0028,2025-07-25T12:13:13,2025-07-27T12:13:13,Active
L00408,M00312,277400.0,24,12.0,EMP0034,2026-05-07T10:42:35,2026-05-07T10:42:35,Active
L00409,M00418,260500.0,6,12.0,EMP0037,2025-12-12T15:29:35,2025-12-14T15:29:35,Active
L00410,M00426,142000.0,24,12.0,EMP0033,2025-09-03T10:22:44,2025-09-05T10:22:44,Active
L00411,M00015,171200.0,18,12.0,EMP0028,2025-11-11T12:24:33,2025-11-12T12:24:33,Active
L00412,M00229,209500.0,24,12.0,EMP0006,2025-08-12T10:38:07,2025-08-12T10:38:07,Active
L00413,M00508,277400.0,24,12.0,EMP0007,2025-10-27T10:27:12,2025-10-30T10:27:12,Active
L00414,M00676,213900.0,36,12.0,EMP0027,2026-03-18T11:28:29,2026-03-18T11:28:29,Active
L00415,M00936,122400.0,12,12.0,EMP0036,2025-12-18T12:28:40,2025-12-19T12:28:40,Active
L00416,M00622,126600.0,36,12.0,EMP0018,2025-10-23T16:04:41,2025-10-26T16:04:41,Active
L00417,M00578,262900.0,24,12.0,EMP0009,2025-08-18T16:42:17,2025-08-21T16:42:17,Active
L00418,M01302,256300.0,6,12.0,EMP0028,2025-08-20T08:42:45,2025-08-22T08:42:45,Active
L00419,M00992,274600.0,18,12.0,EMP0027,2025-10-16T14:55:50,2025-10-18T14:55:50,Active
L00420,M00252,37000.0,6,12.0,EMP0010,2026-03-16T08:35:05,2026-03-18T08:35:05,Active
L00421,M00483,51700.0,24,12.0,EMP0010,2025-07-04T09:42:32,2025-07-04T09:42:32,Active
L00422,M00133,228000.0,6,12.0,EMP0028,2026-04-28T08:06:40,2026-05-01T08:06:40,Active
L00423,M00925,188000.0,36,12.0,EMP0036,2026-03-27T09:05:30,2026-03-29T09:05:30,Active
L00424,M00911,26700.0,12,12.0,EMP0028,2025-11-10T09:33:42,2025-11-12T09:33:42,Active
L00425,M00323,44100.0,36,12.0,EMP0006,2026-01-02T11:00:48,2026-01-03T11:00:48,Active
L00426,M00997,172300.0,36,12.0,EMP0027,2026-03-30T14:40:23,2026-03-31T14:40:23,Active
L00427,M01113,192500.0,24,12.0,EMP0001,2026-05-06T11:58:42,2026-05-09T11:58:42,Active
L00428,M00611,188000.0,6,12.0,EMP0001,2025-09-03T08:05:09,2025-09-06T08:05:09,Active
L00429,M00722,296000.0,12,12.0,EMP0042,2025-08-12T16:44:03,2025-08-14T16:44:03,Active
L00430,M00319,153700.0,36,12.0,EMP0009,2026-01-13T12:30:23,2026-01-15T12:30:23,Active
L00431,M00432,118700.0,24,12.0,EMP0033,2025-10-15T10:00:33,2025-10-18T10:00:33,Active
L00432,M00171,232900.0,24,12.0,EMP0034,2025-11-25T12:39:48,2025-11-27T12:39:48,Active
L00433,M00082,296200.0,36,12.0,EMP0043,2026-02-10T14:13:17,2026-02-10T14:13:17,Active
L00434,M01239,111300.0,36,12.0,EMP0010,2026-02-02T15:02:49,2026-02-04T15:02:49,Active
L00435,M00428,157900.0,24,12.0,EMP0040,2026-02-26T14:12:37,2026-03-01T14:12:37,Active
L00436,M00856,62300.0,6,12.0,EMP0034,2025-12-12T10:23:18,2025-12-14T10:23:18,Active
L00437,M01103,125500.0,36,12.0,EMP0034,2025-09-09T10:56:37,2025-09-11T10:56:37,Active
L00438,M00227,271600.0,18,12.0,EMP0024,2025-07-09T14:24:01,2025-07-09T14:24:01,Active
L00439,M00431,284800.0,36,12.0,EMP0020,2025-09-08T12:47:03,2025-09-09T12:47:03,Active
L00440,M00940,244800.0,36,12.0,EMP0046,2026-03-20T13:42:22,2026-03-22T13:42:22,Active
L00441,M00217,27400.0,18,12.0,EMP0032,2026-03-02T13:40:39,2026-03-05T13:40:39,Active
L00442,M00748,15800.0,12,12.0,EMP0046,2026-04-23T12:07:14,2026-04-24T12:07:14,Active
L00443,M01330,111200.0,12,12.0,EMP0022,2026-05-05T11:48:51,2026-05-06T11:48:51,Active
L00444,M00617,226400.0,12,12.0,EMP0025,2026-01-21T13:15:00,2026-01-24T13:15:00,Active
L00445,M00093,47500.0,24,12.0,EMP0028,2025-12-11T08:32:16,2025-12-13T08:32:16,Active
L00446,M01104,240100.0,36,12.0,EMP0010,2025-07-11T08:30:06,2025-07-13T08:30:06,Active
L00447,M00983,91500.0,18,12.0,EMP0010,2025-08-18T10:49:23,2025-08-21T10:49:23,Active
L00448,M01207,52400.0,36,12.0,EMP0001,2025-08-14T15:20:11,2025-08-14T15:20:11,Active
L00449,M00195,98100.0,36,12.0,EMP0022,2025-08-28T13:00:28,2025-08-29T13:00:28,Active
L00450,M01112,254300.0,18,12.0,EMP0028,2026-05-20T12:26:35,2026-05-23T12:26:35,Active
L00451,M00894,269300.0,24,12.0,EMP0037,2026-02-20T11:44:31,2026-02-22T11:44:31,Active
L00452,M01422,88100.0,6,12.0,EMP0028,2025-08-12T11:55:48,2025-08-12T11:55:48,Active
L00453,M01233,272700.0,6,12.0,EMP0037,2026-02-16T15:34:10,2026-02-18T15:34:10,Active
L00454,M00293,63800.0,6,12.0,EMP0020,2025-11-19T11:13:35,2025-11-21T11:13:35,Active
L00455,M00998,35900.0,24,12.0,EMP0034,2025-09-26T09:51:07,2025-09-28T09:51:07,Active
L00456,M00283,138000.0,36,12.0,EMP0006,2025-12-22T14:48:23,2025-12-23T14:48:23,Active
L00457,M01139,234100.0,18,12.0,EMP0033,2025-10-09T08:19:28,2025-10-11T08:19:28,Active
L00458,M00904,137700.0,12,12.0,EMP0022,2026-03-26T14:49:22,2026-03-26T14:49:22,Active
L00459,M01194,251900.0,12,12.0,EMP0010,2026-03-30T16:28:48,2026-03-30T16:28:48,Active
L00460,M00653,278300.0,6,12.0,EMP0033,2026-04-17T08:36:51,2026-04-20T08:36:51,Active
L00461,M00494,120900.0,12,12.0,EMP0027,2025-10-08T08:04:00,2025-10-08T08:04:00,Active
L00462,M00556,196700.0,12,12.0,EMP0028,2025-12-26T11:22:15,2025-12-26T11:22:15,Active
L00463,M01188,296400.0,6,12.0,EMP0037,2026-01-21T09:34:56,2026-01-24T09:34:56,Active
L00464,M00197,224100.0,6,12.0,EMP0007,2025-10-24T15:53:36,2025-10-25T15:53:36,Active
L00465,M00485,94200.0,12,12.0,EMP0009,2026-03-19T13:29:36,2026-03-20T13:29:36,Active
L00466,M00870,171400.0,24,12.0,EMP0042,2026-04-09T09:38:11,2026-04-09T09:38:11,Active
L00467,M00820,262000.0,24,12.0,EMP0028,2025-09-18T14:08:02,2025-09-20T14:08:02,Active
L00468,M00655,76000.0,18,12.0,EMP0046,2025-08-12T16:22:56,2025-08-13T16:22:56,Active
L00469,M00453,164100.0,18,12.0,EMP0046,2025-08-29T11:23:40,2025-08-31T11:23:40,Active
L00470,M01223,295000.0,6,12.0,EMP0024,2026-03-10T14:41:57,2026-03-11T14:41:57,Active
L00471,M00040,207300.0,18,12.0,EMP0018,2025-11-14T08:44:42,2025-11-16T08:44:42,Active
L00472,M01307,50200.0,18,12.0,EMP0045,2025-07-10T08:11:59,2025-07-10T08:11:59,Active
L00473,M00661,152500.0,12,12.0,EMP0006,2026-02-23T10:51:41,2026-02-25T10:51:41,Active
L00474,M00875,62400.0,6,12.0,EMP0009,2026-02-24T13:04:28,2026-02-24T13:04:28,Active
L00475,M01149,76700.0,12,12.0,EMP0020,2026-04-01T11:21:38,2026-04-04T11:21:38,Active
L00476,M01173,131500.0,6,12.0,EMP0010,2026-04-23T11:00:56,2026-04-23T11:00:56,Active
L00477,M00898,134500.0,24,12.0,EMP0036,2026-03-10T13:32:07,2026-03-11T13:32:07,Active
L00478,M01309,148200.0,36,12.0,EMP0001,2026-03-17T12:09:13,2026-03-20T12:09:13,Active
L00479,M00081,148100.0,36,12.0,EMP0022,2025-10-03T15:34:31,2025-10-06T15:34:31,Active
L00480,M00952,80600.0,18,12.0,EMP0034,2025-12-08T16:04:38,2025-12-08T16:04:38,Active
L00481,M01105,21600.0,24,12.0,EMP0045,2025-08-19T10:56:56,2025-08-22T10:56:56,Active
L00482,M00830,273100.0,18,12.0,EMP0040,2025-11-10T15:15:41,2025-11-13T15:15:41,Active
L00483,M00140,281900.0,24,12.0,EMP0028,2025-11-19T14:38:41,2025-11-19T14:38:41,Active
L00484,M00016,45000.0,24,12.0,EMP0040,2026-01-21T13:49:12,2026-01-24T13:49:12,Active
L00485,M00109,172700.0,36,12.0,EMP0040,2025-12-10T09:15:50,2025-12-10T09:15:50,Active
L00486,M00378,281700.0,12,12.0,EMP0032,2026-05-06T12:20:51,2026-05-08T12:20:51,Active
L00487,M00052,289400.0,24,12.0,EMP0001,2026-05-08T11:22:48,2026-05-09T11:22:48,Active
L00488,M01217,294200.0,18,12.0,EMP0028,2026-03-26T15:10:44,2026-03-28T15:10:44,Active
L00489,M00255,214400.0,36,12.0,EMP0028,2025-12-29T09:53:47,2026-01-01T09:53:47,Active
L00490,M00564,137300.0,6,12.0,EMP0034,2025-09-04T15:34:55,2025-09-04T15:34:55,Active
L00491,M00430,281100.0,24,12.0,EMP0037,2025-07-11T15:53:19,2025-07-12T15:53:19,Active
L00492,M01036,18500.0,24,12.0,EMP0040,2025-07-03T13:12:53,2025-07-05T13:12:53,Active
L00493,M00993,260900.0,12,12.0,EMP0001,2026-04-08T16:18:12,2026-04-10T16:18:12,Active
L00494,M01114,37600.0,12,12.0,EMP0043,2026-04-21T08:55:13,2026-04-21T08:55:13,Active
L00495,M01375,129300.0,18,12.0,EMP0019,2026-03-16T13:28:27,2026-03-17T13:28:27,Active
L00496,M01296,151100.0,12,12.0,EMP0032,2025-09-04T08:15:46,2025-09-07T08:15:46,Active
L00497,M01484,174300.0,18,12.0,EMP0042,2025-12-24T12:08:01,2025-12-26T12:08:01,Active
L00498,M01111,290000.0,6,12.0,EMP0018,2025-08-26T12:22:23,2025-08-28T12:22:23,Active
L00499,M00772,59500.0,24,12.0,EMP0018,2026-01-21T08:55:21,2026-01-23T08:55:21,Active
L00500,M00790,112700.0,36,12.0,EMP0019,2025-08-11T08:45:21,2025-08-14T08:45:21,Active
L00501,M01369,53400.0,36,12.0,EMP0032,2025-12-26T16:28:05,2025-12-26T16:28:05,Active
L00502,M01460,201300.0,6,12.0,EMP0027,2025-09-02T14:31:20,2025-09-04T14:31:20,Active
L00503,M00629,189800.0,18,12.0,EMP0010,2026-02-10T16:53:58,2026-02-12T16:53:58,Active
L00504,M00514,69100.0,24,12.0,EMP0019,2025-12-26T15:11:55,2025-12-26T15:11:55,Active
L00505,M01289,270200.0,24,12.0,EMP0046,2025-07-24T14:43:06,2025-07-25T14:43:06,Active
L00506,M00696,91400.0,36,12.0,EMP0010,2025-11-05T08:17:33,2025-11-05T08:17:33,Active
L00507,M00738,118200.0,18,12.0,EMP0001,2025-10-03T08:28:32,2025-10-03T08:28:32,Active
L00508,M01475,131700.0,18,12.0,EMP0046,2025-09-04T11:18:12,2025-09-06T11:18:12,Active
L00509,M01253,41800.0,12,12.0,EMP0037,2025-12-11T15:32:22,2025-12-12T15:32:22,Active
L00510,M01368,19700.0,18,12.0,EMP0028,2025-08-11T10:10:28,2025-08-14T10:10:28,Active
L00511,M00427,272100.0,6,12.0,EMP0010,2026-04-22T14:02:43,2026-04-25T14:02:43,Active
L00512,M00327,85500.0,36,12.0,EMP0024,2026-05-12T13:20:43,2026-05-12T13:20:43,Active
L00513,M01122,21100.0,18,12.0,EMP0010,2025-09-03T16:47:10,2025-09-03T16:47:10,Active
L00514,M00470,80700.0,18,12.0,EMP0023,2025-09-11T14:19:12,2025-09-12T14:19:12,Active
L00515,M00892,93500.0,24,12.0,EMP0019,2026-01-22T09:33:49,2026-01-23T09:33:49,Active
L00516,M01065,69100.0,18,12.0,EMP0040,2026-03-06T14:56:06,2026-03-09T14:56:06,Active
L00517,M00742,252800.0,6,12.0,EMP0033,2025-08-18T14:15:57,2025-08-20T14:15:57,Active
L00518,M01500,52100.0,24,12.0,EMP0034,2026-04-09T15:19:32,2026-04-11T15:19:32,Active
L00519,M01140,176700.0,6,12.0,EMP0046,2026-02-16T16:46:37,2026-02-17T16:46:37,Active
L00520,M00407,48900.0,12,12.0,EMP0007,2025-07-02T15:00:19,2025-07-05T15:00:19,Active
L00521,M00668,124400.0,12,12.0,EMP0010,2025-10-06T13:44:45,2025-10-07T13:44:45,Active
L00522,M01243,277100.0,36,12.0,EMP0043,2025-09-08T12:09:19,2025-09-10T12:09:19,Active
L00523,M01300,288100.0,6,12.0,EMP0024,2025-12-12T10:42:55,2025-12-13T10:42:55,Active
L00524,M01026,82300.0,6,12.0,EMP0022,2026-05-14T12:38:10,2026-05-14T12:38:10,Active
L00525,M01254,224200.0,24,12.0,EMP0007,2026-02-19T12:27:39,2026-02-22T12:27:39,Active
L00526,M00711,35200.0,6,12.0,EMP0027,2025-08-28T10:33:26,2025-08-28T10:33:26,Active
L00527,M01426,38100.0,6,12.0,EMP0041,2025-12-30T13:13:30,2026-01-01T13:13:30,Active
L00528,M00965,36400.0,36,12.0,EMP0041,2026-01-20T10:21:16,2026-01-22T10:21:16,Active
L00529,M00488,194700.0,24,12.0,EMP0034,2025-09-03T16:40:25,2025-09-05T16:40:25,Active
L00530,M00792,27900.0,36,12.0,EMP0023,2026-03-02T09:04:11,2026-03-04T09:04:11,Active
L00531,M00695,10100.0,36,12.0,EMP0032,2025-10-27T16:32:34,2025-10-29T16:32:34,Active
L00532,M00265,193600.0,36,12.0,EMP0028,2026-02-04T16:42:07,2026-02-04T16:42:07,Active
L00533,M00726,171300.0,36,12.0,EMP0036,2025-12-17T11:14:10,2025-12-18T11:14:10,Active
L00534,M00886,291100.0,12,12.0,EMP0046,2025-10-07T08:01:59,2025-10-08T08:01:59,Active
L00535,M00703,122400.0,18,12.0,EMP0028,2025-07-29T15:51:55,2025-07-30T15:51:55,Active
L00536,M00979,161200.0,6,12.0,EMP0037,2025-10-20T13:18:19,2025-10-20T13:18:19,Active
L00537,M01242,142400.0,18,12.0,EMP0034,2025-09-29T14:48:25,2025-09-30T14:48:25,Active
L00538,M01310,35200.0,6,12.0,EMP0033,2025-10-21T08:34:48,2025-10-23T08:34:48,Active
L00539,M01007,189100.0,6,12.0,EMP0040,2026-04-06T09:16:49,2026-04-06T09:16:49,Active
L00540,M00523,24300.0,6,12.0,EMP0034,2025-09-03T11:13:37,2025-09-03T11:13:37,Active
L00541,M00166,282000.0,24,12.0,EMP0001,2025-10-10T11:28:44,2025-10-13T11:28:44,Active
L00542,M00610,114400.0,12,12.0,EMP0045,2026-04-22T11:35:41,2026-04-25T11:35:41,Active
L00543,M00420,44200.0,12,12.0,EMP0041,2026-03-19T12:00:56,2026-03-21T12:00:56,Active
L00544,M00987,11400.0,12,12.0,EMP0007,2026-02-11T13:28:26,2026-02-11T13:28:26,Active
L00545,M00768,133300.0,36,12.0,EMP0033,2026-03-17T14:36:34,2026-03-17T14:36:34,Active
L00546,M00533,164300.0,36,12.0,EMP0019,2025-08-01T14:56:23,2025-08-04T14:56:23,Active
L00547,M00841,248000.0,12,12.0,EMP0010,2025-08-28T15:13:21,2025-08-29T15:13:21,Active
L00548,M01098,104100.0,18,12.0,EMP0034,2025-10-03T16:30:39,2025-10-03T16:30:39,Active
L00549,M01021,71400.0,12,12.0,EMP0019,2025-10-08T08:19:55,2025-10-09T08:19:55,Active
L00550,M01383,123200.0,36,12.0,EMP0001,2026-02-16T10:13:02,2026-02-18T10:13:02,Active
L00551,M00009,66400.0,24,12.0,EMP0045,2026-01-21T12:55:21,2026-01-22T12:55:21,Active
L00552,M00639,110300.0,6,12.0,EMP0036,2025-12-12T09:36:33,2025-12-14T09:36:33,Active
L00553,M00613,167500.0,6,12.0,EMP0001,2026-05-18T12:17:35,2026-05-19T12:17:35,Active
L00554,M00220,270300.0,6,12.0,EMP0001,2026-01-20T13:22:04,2026-01-22T13:22:04,Active
L00555,M00539,23100.0,24,12.0,EMP0034,2026-02-02T12:02:16,2026-02-03T12:02:16,Active
L00556,M00164,104600.0,24,12.0,EMP0024,2025-07-21T10:55:28,2025-07-21T10:55:28,Active
L00557,M00330,104100.0,6,12.0,EMP0045,2025-07-17T14:22:36,2025-07-19T14:22:36,Active
L00558,M01099,179800.0,12,12.0,EMP0028,2025-10-15T14:20:42,2025-10-15T14:20:42,Active
L00559,M01152,77700.0,12,12.0,EMP0020,2025-12-23T15:59:39,2025-12-26T15:59:39,Active
L00560,M01344,229700.0,24,12.0,EMP0001,2026-01-30T12:45:57,2026-01-30T12:45:57,Active
L00561,M01192,16800.0,6,12.0,EMP0036,2025-08-01T10:28:49,2025-08-01T10:28:49,Active
L00562,M01226,256800.0,18,12.0,EMP0040,2025-09-25T10:37:16,2025-09-26T10:37:16,Active
L00563,M00780,57800.0,18,12.0,EMP0001,2025-09-23T09:30:51,2025-09-23T09:30:51,Active
L00564,M01123,104200.0,18,12.0,EMP0020,2025-10-07T11:21:36,2025-10-09T11:21:36,Active
L00565,M00684,70500.0,6,12.0,EMP0028,2026-04-21T09:13:11,2026-04-24T09:13:11,Active
L00566,M00627,11900.0,36,12.0,EMP0033,2026-03-10T12:54:50,2026-03-10T12:54:50,Active
L00567,M01346,227000.0,36,12.0,EMP0032,2025-09-16T11:42:30,2025-09-19T11:42:30,Active
L00568,M00540,176900.0,36,12.0,EMP0028,2025-11-07T11:30:35,2025-11-09T11:30:35,Active
L00569,M01167,22200.0,24,12.0,EMP0032,2026-01-28T14:27:47,2026-01-28T14:27:47,Active
L00570,M00927,122500.0,24,12.0,EMP0041,2025-11-19T11:21:34,2025-11-20T11:21:34,Active
L00571,M00004,209000.0,24,12.0,EMP0034,2026-05-19T13:49:45,2026-05-21T13:49:45,Active
L00572,M00762,266600.0,24,12.0,EMP0027,2026-02-13T13:43:01,2026-02-16T13:43:01,Active
L00573,M00375,201300.0,36,12.0,EMP0045,2026-02-11T16:45:03,2026-02-12T16:45:03,Active
L00574,M00961,263900.0,6,12.0,EMP0041,2025-09-22T15:32:08,2025-09-23T15:32:08,Active
L00575,M01059,180600.0,18,12.0,EMP0022,2025-12-09T14:48:49,2025-12-11T14:48:49,Active
L00576,M00347,121600.0,18,12.0,EMP0025,2025-07-16T16:33:14,2025-07-19T16:33:14,Active
L00577,M01486,150000.0,6,12.0,EMP0033,2026-02-10T16:20:35,2026-02-10T16:20:35,Active
L00578,M00917,160700.0,18,12.0,EMP0018,2025-12-11T09:04:04,2025-12-13T09:04:04,Active
L00579,M01156,67800.0,36,12.0,EMP0009,2025-09-04T12:17:54,2025-09-04T12:17:54,Active
L00580,M00872,53900.0,6,12.0,EMP0001,2025-11-27T14:44:58,2025-11-28T14:44:58,Active
L00581,M01148,95700.0,24,12.0,EMP0006,2026-05-20T13:56:24,2026-05-22T13:56:24,Active
L00582,M00372,150300.0,36,12.0,EMP0018,2025-10-29T12:26:35,2025-11-01T12:26:35,Active
L00583,M00436,39700.0,36,12.0,EMP0036,2025-12-01T09:01:08,2025-12-02T09:01:08,Active
L00584,M00305,37800.0,18,12.0,EMP0019,2026-02-05T08:22:54,2026-02-06T08:22:54,Active
L00585,M00582,96300.0,6,12.0,EMP0018,2025-08-27T13:52:59,2025-08-27T13:52:59,Active
L00586,M00130,210900.0,24,12.0,EMP0034,2025-12-03T08:07:16,2025-12-04T08:07:16,Active
L00587,M00597,219200.0,24,12.0,EMP0045,2025-09-12T08:50:30,2025-09-14T08:50:30,Active
L00588,M01319,298600.0,12,12.0,EMP0028,2026-02-18T12:20:31,2026-02-18T12:20:31,Active
L00589,M00685,218500.0,12,12.0,EMP0046,2025-07-29T11:08:14,2025-07-31T11:08:14,Active
L00590,M00787,215600.0,36,12.0,EMP0019,2025-09-05T08:12:14,2025-09-06T08:12:14,Active
L00591,M01343,119800.0,36,12.0,EMP0037,2025-10-01T13:06:07,2025-10-02T13:06:07,Active
L00592,M00640,200300.0,12,12.0,EMP0018,2026-01-19T15:21:52,2026-01-20T15:21:52,Active
L00593,M00782,102800.0,18,12.0,EMP0024,2025-09-22T16:44:19,2025-09-22T16:44:19,Active
L00594,M00282,95400.0,12,12.0,EMP0034,2025-09-03T09:57:20,2025-09-06T09:57:20,Active
L00595,M00729,112600.0,6,12.0,EMP0037,2026-03-19T16:25:06,2026-03-19T16:25:06,Active
L00596,M00804,99800.0,18,12.0,EMP0010,2026-03-19T15:13:11,2026-03-19T15:13:11,Active
L00597,M01172,186300.0,24,12.0,EMP0007,2025-10-29T16:00:24,2025-10-31T16:00:24,Active
L00598,M01454,43400.0,36,12.0,EMP0001,2025-10-27T10:02:47,2025-10-29T10:02:47,Active
L00599,M00241,250500.0,36,12.0,EMP0010,2026-04-13T11:09:22,2026-04-13T11:09:22,Active
L00600,M00935,175000.0,12,12.0,EMP0019,2025-11-28T08:12:28,2025-11-30T08:12:28,Active
L00601,M00295,109600.0,18,12.0,EMP0036,2026-06-18T10:03:41,2026-06-18T10:03:41,Active
L00602,M00406,51700.0,12,12.0,EMP0036,2026-02-13T16:30:57,2026-02-15T16:30:57,Active
L00603,M00910,143200.0,6,12.0,EMP0036,2026-02-16T10:34:13,2026-02-16T10:34:13,Active
L00604,M00159,52900.0,24,12.0,EMP0036,2026-05-18T13:05:08,2026-05-18T13:05:08,Active
L00605,M00804,128100.0,12,12.0,EMP0036,2026-05-21T16:27:45,2026-05-22T16:27:45,Active
L00606,M00868,224600.0,18,12.0,EMP0036,2026-04-22T08:41:49,2026-04-25T08:41:49,Active
L00607,M00653,176500.0,6,12.0,EMP0036,2026-06-19T12:41:05,2026-06-20T12:41:05,Active
L00608,M00668,240300.0,24,12.0,EMP0036,2026-03-16T14:28:26,2026-03-18T14:28:26,Active
L00609,M00294,214100.0,18,12.0,EMP0036,2026-03-26T09:56:18,2026-03-27T09:56:18,Active
L00610,M00966,218600.0,36,12.0,EMP0036,2026-02-17T12:12:52,2026-02-17T12:12:52,Active
L00611,M01374,128100.0,36,12.0,EMP0036,2026-03-19T10:41:07,2026-03-22T10:41:07,Active
L00612,M00601,89200.0,12,12.0,EMP0036,2026-03-25T10:20:11,2026-03-26T10:20:11,Active
L00613,M00217,155200.0,18,12.0,EMP0036,2026-02-05T09:43:11,2026-02-06T09:43:11,Active
L00614,M00493,126200.0,36,12.0,EMP0036,2026-04-29T13:02:01,2026-04-30T13:02:01,Active
L00615,M01305,242800.0,6,12.0,EMP0036,2026-02-27T09:53:17,2026-03-02T09:53:17,Active
L00616,M00859,93500.0,36,12.0,EMP0036,2026-03-26T14:43:59,2026-03-27T14:43:59,Active
L00617,M00709,227200.0,18,12.0,EMP0036,2026-05-13T12:09:06,2026-05-13T12:09:06,Active
L00618,M00035,144500.0,12,12.0,EMP0036,2026-06-16T16:10:59,2026-06-19T16:10:59,Active
L00619,M00433,191500.0,36,12.0,EMP0036,2026-04-09T12:19:15,2026-04-10T12:19:15,Active
L00620,M00957,51700.0,18,12.0,EMP0036,2026-06-02T10:23:13,2026-06-03T10:23:13,Active
L00621,M00251,105300.0,36,12.0,EMP0036,2026-03-11T16:07:15,2026-03-12T16:07:15,Active
L00622,M01179,203300.0,6,12.0,EMP0036,2026-04-13T12:00:35,2026-04-16T12:00:35,Active
L00623,M00746,131400.0,18,12.0,EMP0036,2026-02-05T15:38:49,2026-02-06T15:38:49,Active
L00624,M00342,212700.0,18,12.0,EMP0036,2026-02-20T09:50:47,2026-02-23T09:50:47,Active
L00625,M01297,184000.0,12,12.0,EMP0036,2026-05-26T09:11:18,2026-05-28T09:11:18,Active
L00626,M00628,28600.0,18,12.0,EMP0042,2026-05-05T10:02:10,2026-05-05T10:02:10,Active
L00627,M00646,103900.0,18,12.0,EMP0043,2025-10-22T14:06:01,2025-10-24T14:06:01,Active
L00628,M00035,33900.0,36,12.0,EMP0037,2026-01-28T10:17:56,2026-01-31T10:17:56,Active
L00629,M00051,34600.0,6,12.0,EMP0007,2026-05-12T16:10:53,2026-05-12T16:10:53,Active
L00630,M00960,86500.0,36,12.0,EMP0041,2025-10-16T16:12:03,2025-10-19T16:12:03,Active
L00631,M00175,99000.0,12,12.0,EMP0024,2025-12-19T13:42:57,2025-12-21T13:42:57,Active
L00632,M01104,35700.0,18,12.0,EMP0023,2025-12-10T09:27:52,2025-12-11T09:27:52,Active
L00633,M00664,72400.0,24,12.0,EMP0043,2025-12-29T12:25:20,2026-01-01T12:25:20,Active
L00634,M01275,24400.0,36,12.0,EMP0028,2026-05-12T12:21:42,2026-05-12T12:21:42,Active
L00635,M00324,92300.0,12,12.0,EMP0023,2025-12-09T13:52:31,2025-12-09T13:52:31,Active
L00636,M00135,95000.0,12,12.0,EMP0022,2026-05-08T09:10:59,2026-05-09T09:10:59,Active
L00637,M01238,140200.0,24,12.0,EMP0023,2026-03-03T12:51:46,2026-03-04T12:51:46,Active
L00638,M00058,84700.0,6,12.0,EMP0023,2026-04-21T12:07:37,2026-04-24T12:07:37,Active
L00639,M00827,24300.0,24,12.0,EMP0018,2025-10-31T14:50:22,2025-11-02T14:50:22,Active
L00640,M00278,37500.0,6,12.0,EMP0032,2025-12-02T13:36:53,2025-12-05T13:36:53,Active
L00641,M00190,69200.0,36,12.0,EMP0022,2026-04-21T09:57:18,2026-04-21T09:57:18,Active
L00642,M00187,70900.0,12,12.0,EMP0009,2026-05-20T14:28:02,2026-05-21T14:28:02,Active
L00643,M00799,47200.0,24,12.0,EMP0024,2025-12-31T14:05:10,2026-01-03T14:05:10,Active
L00644,M00403,83600.0,36,12.0,EMP0045,2026-05-16T16:00:56,2026-05-19T16:00:56,Active
L00645,M00012,63500.0,24,12.0,EMP0041,2026-05-27T22:27:49,2026-05-27T22:27:49,Active
L00646,M00316,47400.0,6,12.0,EMP0018,2026-01-27T00:26:29,2026-01-30T00:26:29,Active
L00647,M00190,30700.0,12,12.0,EMP0043,2026-04-04T02:39:53,2026-04-07T02:39:53,Active
L00648,M00904,89200.0,6,12.0,EMP0036,2026-05-02T09:36:30,2026-05-02T09:36:30,Active
L00649,M00417,39900.0,6,12.0,EMP0024,2026-01-06T02:30:10,2026-01-09T02:30:10,Active
L00650,M00380,90400.0,36,12.0,EMP0009,2025-11-18T02:42:50,2025-11-20T02:42:50,Active
L00651,M00728,100900.0,6,12.0,EMP0020,2025-11-29T13:47:43,2025-12-02T13:47:43,Active
L00652,M00695,38200.0,36,12.0,EMP0027,2026-05-16T15:22:22,2026-05-18T15:22:22,Active
L00653,M00203,105900.0,24,12.0,EMP0018,2026-01-27T02:04:36,2026-01-30T02:04:36,Active
L00654,M00632,38500.0,36,12.0,EMP0036,2026-01-31T15:20:59,2026-02-01T15:20:59,Active
L00655,M01194,66900.0,6,12.0,EMP0032,2025-12-06T14:55:31,2025-12-08T14:55:31,Active
L00656,M00269,51600.0,36,12.0,EMP0027,2025-12-30T01:26:10,2025-12-31T01:26:10,Active
L00657,M00494,48600.0,24,12.0,EMP0010,2026-05-16T09:24:54,2026-05-16T09:24:54,Active
L00658,M01293,82100.0,24,12.0,EMP0018,2026-01-03T16:47:21,2026-01-05T16:47:21,Active
L00659,M01209,159900.0,36,12.0,EMP0041,2026-03-16T10:27:34,2026-03-18T10:27:34,Active
L00660,M01095,62100.0,6,12.0,EMP0027,2026-06-19T16:44:29,2026-06-22T16:44:29,Active
L00661,M01047,95500.0,18,12.0,EMP0020,2026-04-20T10:08:46,2026-04-22T10:08:46,Active
L00662,M01458,153400.0,36,12.0,EMP0006,2026-03-18T10:19:41,2026-03-20T10:19:41,Active
L00663,M01434,179400.0,6,12.0,EMP0046,2026-04-09T10:20:11,2026-04-12T10:20:11,Active
L00664,M00783,164400.0,18,12.0,EMP0025,2026-06-18T12:19:24,2026-06-21T12:19:24,Active
L00665,M00211,93800.0,24,12.0,EMP0001,2026-04-17T10:36:13,2026-04-17T10:36:13,Active
L00666,M01003,188900.0,36,12.0,EMP0020,2026-04-29T13:24:25,2026-05-01T13:24:25,Active
L00667,M01278,107400.0,6,12.0,EMP0020,2026-05-27T11:42:09,2026-05-30T11:42:09,Active
L00668,M01354,49200.0,18,12.0,EMP0024,2026-04-08T12:38:27,2026-04-09T12:38:27,Active
